2026-09-29 09:12:08.612 INFO  [restartedMain] com.adminvisitor.VMSApplication - Starting VMSApplication using Java 21.0.9 with PID 21080 (C:\vistior-management\vms\target\classes started by nethra.r in C:\vistior-management\vms)
2026-09-29 09:12:08.625 DEBUG [restartedMain] com.adminvisitor.VMSApplication - Running with Spring Boot v4.1.1, Spring v7.0.9
2026-09-29 09:12:08.627 INFO  [restartedMain] com.adminvisitor.VMSApplication - No active profile set, falling back to 1 default profile: "default"
2026-09-29 09:12:08.725 INFO  [restartedMain] o.s.b.d.e.DevToolsPropertyDefaultsPostProcessor - Devtools property defaults active! Set 'spring.devtools.add-properties' to 'false' to disable
2026-09-29 09:12:08.727 INFO  [restartedMain] o.s.b.d.e.DevToolsPropertyDefaultsPostProcessor - For additional web related logging consider setting the 'logging.level.web' property to 'DEBUG'
2026-09-29 09:12:09.410 INFO  [background-preinit] o.h.validator.internal.util.Version - HV000001: Hibernate Validator 9.1.3.Final
2026-09-29 09:12:10.411 INFO  [restartedMain] o.s.d.r.c.RepositoryConfigurationDelegate - Bootstrapping Spring Data JPA repositories in DEFAULT mode.
2026-09-29 09:12:10.854 INFO  [restartedMain] o.s.d.r.c.RepositoryConfigurationDelegate - Finished Spring Data repository scanning in 432 ms. Found 11 JPA repository interfaces.
2026-09-29 09:12:13.022 INFO  [restartedMain] o.s.boot.tomcat.TomcatWebServer - Tomcat initialized with port 8092 (http)
2026-09-29 09:12:13.065 INFO  [restartedMain] o.a.coyote.http11.Http11NioProtocol - Initializing ProtocolHandler ["http-nio-8092"]
2026-09-29 09:12:13.074 INFO  [restartedMain] o.a.catalina.core.StandardService - Starting service [Tomcat]
2026-09-29 09:12:13.075 INFO  [restartedMain] o.a.catalina.core.StandardEngine - Starting Servlet engine: [Apache Tomcat/11.0.24]
2026-09-29 09:12:13.463 INFO  [restartedMain] o.s.b.w.c.s.WebApplicationContextInitializer - Root WebApplicationContext: initialization completed in 4734 ms
2026-09-29 09:12:13.996 INFO  [restartedMain] com.zaxxer.hikari.HikariDataSource - HikariPool-1 - Starting...
2026-09-29 09:12:14.980 INFO  [restartedMain] com.zaxxer.hikari.pool.HikariPool - HikariPool-1 - Added connection com.mysql.cj.jdbc.ConnectionImpl@1be86004
2026-09-29 09:12:14.986 INFO  [restartedMain] com.zaxxer.hikari.HikariDataSource - HikariPool-1 - Start completed.
2026-09-29 09:12:15.065 INFO  [restartedMain] org.hibernate.orm.jpa - HHH008540: Processing PersistenceUnitInfo [name: default]
2026-09-29 09:12:15.327 INFO  [restartedMain] org.hibernate.orm.core - HHH000001: Hibernate ORM core version 7.4.5.Final
2026-09-29 09:12:16.835 INFO  [restartedMain] o.s.o.j.p.SpringPersistenceUnitInfo - No LoadTimeWeaver setup: ignoring JPA class transformer
2026-09-29 09:12:17.209 INFO  [restartedMain] o.hibernate.orm.connections.pooling - HHH10001005: Database info:
	Database JDBC URL [jdbc:mysql://192.168.11.101:3306/Interns_db]
	Database driver: MySQL Connector/J
	Database dialect: MySQLDialect
	Database version: 8.0.40
	Default catalog/schema: Interns_db/undefined
	Autocommit mode: undefined/unknown
	Isolation level: REPEATABLE_READ [default REPEATABLE_READ]
	JDBC fetch size: none
	Pool: DataSourceConnectionProvider
	Minimum pool size: undefined/unknown
	Maximum pool size: undefined/unknown
2026-09-29 09:12:19.988 INFO  [restartedMain] org.hibernate.orm.core - HHH000489: No JTA platform available (set 'hibernate.transaction.jta.platform' to enable JTA platform integration)
2026-09-29 09:12:20.002 INFO  [restartedMain] o.s.o.j.LocalContainerEntityManagerFactoryBean - Initialized JPA EntityManagerFactory for persistence unit 'default'
2026-09-29 09:12:20.194 INFO  [restartedMain] o.s.d.j.r.q.QueryEnhancerFactories - Hibernate is in classpath; If applicable, HQL parser will be used.
2026-09-29 09:12:22.550 WARN  [restartedMain] o.s.b.j.a.JpaBaseConfiguration$JpaWebConfiguration - spring.jpa.open-in-view is enabled by default. Therefore, database queries may be performed during view rendering. Explicitly configure spring.jpa.open-in-view to disable this warning
2026-09-29 09:12:23.733 INFO  [restartedMain] o.a.coyote.http11.Http11NioProtocol - Starting ProtocolHandler ["http-nio-8092"]
2026-09-29 09:12:23.759 INFO  [restartedMain] o.s.boot.tomcat.TomcatWebServer - Tomcat started on port 8092 (http) with context path '/'
2026-09-29 09:12:23.770 INFO  [restartedMain] com.adminvisitor.VMSApplication - Started VMSApplication in 16.356 seconds (process running for 18.259)
2026-09-29 09:12:23.774 WARN  [restartedMain] o.s.c.events.SpringDocAppInitializer - SpringDoc /v3/api-docs endpoint is enabled by default. To disable it in production, set the property 'springdoc.api-docs.enabled=false'
2026-09-29 09:12:23.774 WARN  [restartedMain] o.s.c.events.SpringDocAppInitializer - SpringDoc /swagger-ui.html endpoint is enabled by default. To disable it in production, set the property 'springdoc.swagger-ui.enabled=false'
2026-09-29 09:12:43.473 INFO  [http-nio-8092-exec-1] o.a.c.c.C.[Tomcat].[localhost].[/] - Initializing Spring DispatcherServlet 'dispatcherServlet'
2026-09-29 09:12:43.473 INFO  [http-nio-8092-exec-1] o.s.web.servlet.DispatcherServlet - Initializing Servlet 'dispatcherServlet'
2026-09-29 09:12:43.479 INFO  [http-nio-8092-exec-1] o.s.web.servlet.DispatcherServlet - Completed initialization in 5 ms
2026-09-29 09:12:44.132 INFO  [http-nio-8092-exec-3] c.a.config.ApiLoggingAspect - API_COMPLETED controller=SwaggerConfigResource method=openapiJson durationMs=2.4089
2026-09-29 09:12:47.316 INFO  [http-nio-8092-exec-4] o.s.api.AbstractOpenApiResource - Init duration for springdoc-openapi is: 2942 ms
2026-09-29 09:12:47.441 INFO  [http-nio-8092-exec-4] c.a.config.ApiLoggingAspect - API_COMPLETED controller=OpenApiWebMvcResource method=openapiJson durationMs=3068.6375
2026-09-29 09:15:22.699 DEBUG [http-nio-8092-exec-6] c.adminvisitor.service.VisitService - Starting visit registration. registrationType=PRE_REGISTRATION, visitorType=GUEST, hostId=EMP005
2026-09-29 09:15:23.277 DEBUG [http-nio-8092-exec-6] c.adminvisitor.service.VisitService - Timing: validateVisitTiming=0 ms
2026-09-29 09:15:23.601 INFO  [http-nio-8092-exec-6] c.adminvisitor.service.VisitService - New visitor profile created. visitorId=VTR-048
2026-09-29 09:15:23.855 DEBUG [http-nio-8092-exec-6] c.adminvisitor.service.VisitService - Timing: findOrCreateVisitor and identity validation=577 ms
2026-09-29 09:15:23.908 DEBUG [http-nio-8092-exec-6] c.adminvisitor.service.VisitService - Timing: generateVisitId=52 ms
2026-09-29 09:15:24.039 DEBUG [http-nio-8092-exec-6] c.adminvisitor.service.VisitService - Timing: visitRepository.save=27 ms
2026-09-29 09:15:24.045 DEBUG [http-nio-8092-exec-6] c.adminvisitor.service.VisitService - Timing: sendVisitConfirmationEmail=5 ms
2026-09-29 09:15:24.045 INFO  [http-nio-8092-exec-6] c.adminvisitor.service.VisitService - Visit registered successfully. visitId=VIS-086, visitReference=VIS-20260929091523-A7D94F09, visitorId=VTR-048, registrationType=PRE_REGISTRATION, status=REGISTERED
2026-09-29 09:15:24.127 INFO  [http-nio-8092-exec-6] c.a.config.ApiLoggingAspect - API_COMPLETED controller=VisitController method=register durationMs=1463.0354
2026-09-29 09:15:25.268 DEBUG [task-1] c.adminvisitor.service.EmailService - Timing: emailTemplateProcessing=1179 ms
2026-09-29 09:15:27.692 ERROR [task-1] com.adminvisitor.config.AsyncConfig - Async operation failed. method=sendVisitConfirmationEmail
org.springframework.mail.MailSendException: Mail server connection failed. Failed messages: org.eclipse.angus.mail.util.MailConnectException: Couldn't connect to host, port: smtp.gmail.com, 587; timeout 10000;
  nested exception is:
	java.net.ConnectException: Connection refused: getsockopt; message exceptions (1) are:
Failed message 1: org.eclipse.angus.mail.util.MailConnectException: Couldn't connect to host, port: smtp.gmail.com, 587; timeout 10000;
  nested exception is:
	java.net.ConnectException: Connection refused: getsockopt
	at org.springframework.mail.javamail.JavaMailSenderImpl.doSend(JavaMailSenderImpl.java:397)
	at org.springframework.mail.javamail.JavaMailSenderImpl.send(JavaMailSenderImpl.java:337)
	at org.springframework.mail.javamail.JavaMailSender.send(JavaMailSender.java:101)
	at com.adminvisitor.service.EmailService.sendVisitConfirmationEmail(EmailService.java:107)
	at java.base/jdk.internal.reflect.DirectMethodHandleAccessor.invoke(DirectMethodHandleAccessor.java:103)
	at java.base/java.lang.reflect.Method.invoke(Method.java:580)
	at org.springframework.aop.support.AopUtils.invokeJoinpointUsingReflection(AopUtils.java:359)
	at org.springframework.aop.framework.ReflectiveMethodInvocation.invokeJoinpoint(ReflectiveMethodInvocation.java:190)
	at org.springframework.aop.framework.ReflectiveMethodInvocation.proceed(ReflectiveMethodInvocation.java:158)
	at org.springframework.aop.interceptor.AsyncExecutionInterceptor.lambda$invoke$0(AsyncExecutionInterceptor.java:112)
	at java.base/java.util.concurrent.FutureTask.run(FutureTask.java:317)
	at java.base/java.util.concurrent.ThreadPoolExecutor.runWorker(ThreadPoolExecutor.java:1144)
	at java.base/java.util.concurrent.ThreadPoolExecutor$Worker.run(ThreadPoolExecutor.java:642)
	at java.base/java.lang.Thread.run(Thread.java:1583)
Caused by: org.eclipse.angus.mail.util.MailConnectException: Couldn't connect to host, port: smtp.gmail.com, 587; timeout 10000;
  nested exception is:
	java.net.ConnectException: Connection refused: getsockopt
	at org.eclipse.angus.mail.smtp.SMTPTransport.openServer(SMTPTransport.java:2243)
	at org.eclipse.angus.mail.smtp.SMTPTransport.protocolConnect(SMTPTransport.java:729)
	at jakarta.mail.Service.connect(Service.java:345)
	at org.springframework.mail.javamail.JavaMailSenderImpl.connectTransport(JavaMailSenderImpl.java:467)
	at org.springframework.mail.javamail.JavaMailSenderImpl.doSend(JavaMailSenderImpl.java:386)
	... 13 common frames omitted
Caused by: java.net.ConnectException: Connection refused: getsockopt
	at java.base/sun.nio.ch.Net.pollConnect(Native Method)
	at java.base/sun.nio.ch.Net.pollConnectNow(Net.java:690)
	at java.base/sun.nio.ch.NioSocketImpl.timedFinishConnect(NioSocketImpl.java:549)
	at java.base/sun.nio.ch.NioSocketImpl.connect(NioSocketImpl.java:592)
	at java.base/java.net.SocksSocketImpl.connect(SocksSocketImpl.java:327)
	at java.base/java.net.Socket.connect(Socket.java:751)
	at org.eclipse.angus.mail.util.WriteTimeoutSocket.connect(WriteTimeoutSocket.java:118)
	at org.eclipse.angus.mail.util.SocketFetcher.createSocket(SocketFetcher.java:366)
	at org.eclipse.angus.mail.util.SocketFetcher.getSocket(SocketFetcher.java:243)
	at org.eclipse.angus.mail.smtp.SMTPTransport.openServer(SMTPTransport.java:2193)
	... 17 common frames omitted
2026-09-29 09:29:41.849 WARN  [HikariPool-1:housekeeper] com.zaxxer.hikari.pool.PoolBase - HikariPool-1 - Failed to validate connection com.mysql.cj.jdbc.ConnectionImpl@64ef505c (No operations allowed after connection closed.). Possibly consider using a shorter maxLifetime value.
2026-09-29 09:29:42.353 WARN  [HikariPool-1:housekeeper] com.zaxxer.hikari.pool.PoolBase - HikariPool-1 - Failed to validate connection com.mysql.cj.jdbc.ConnectionImpl@1be86004 (No operations allowed after connection closed.). Possibly consider using a shorter maxLifetime value.
2026-09-29 09:29:44.841 WARN  [HikariPool-1:housekeeper] com.zaxxer.hikari.pool.PoolBase - HikariPool-1 - Failed to validate connection com.mysql.cj.jdbc.ConnectionImpl@4bc4c808 (No operations allowed after connection closed.). Possibly consider using a shorter maxLifetime value.
2026-09-29 09:29:49.812 WARN  [HikariPool-1:housekeeper] com.zaxxer.hikari.pool.PoolBase - HikariPool-1 - Failed to validate connection com.mysql.cj.jdbc.ConnectionImpl@174f46c6 (No operations allowed after connection closed.). Possibly consider using a shorter maxLifetime value.
2026-09-29 09:30:05.808 WARN  [HikariPool-1:housekeeper] com.zaxxer.hikari.pool.PoolBase - HikariPool-1 - Failed to validate connection com.mysql.cj.jdbc.ConnectionImpl@7d4a4df7 (No operations allowed after connection closed.). Possibly consider using a shorter maxLifetime value.
2026-09-29 09:30:33.836 WARN  [HikariPool-1:housekeeper] com.zaxxer.hikari.pool.PoolBase - HikariPool-1 - Failed to validate connection com.mysql.cj.jdbc.ConnectionImpl@1e98c3e (No operations allowed after connection closed.). Possibly consider using a shorter maxLifetime value.
2026-09-29 09:30:47.565 WARN  [HikariPool-1:housekeeper] com.zaxxer.hikari.pool.PoolBase - HikariPool-1 - Failed to validate connection com.mysql.cj.jdbc.ConnectionImpl@63210b04 (No operations allowed after connection closed.). Possibly consider using a shorter maxLifetime value.
2026-09-29 09:30:59.084 WARN  [HikariPool-1:housekeeper] com.zaxxer.hikari.pool.PoolBase - HikariPool-1 - Failed to validate connection com.mysql.cj.jdbc.ConnectionImpl@64cc4472 (No operations allowed after connection closed.). Possibly consider using a shorter maxLifetime value.
2026-09-29 09:31:01.973 WARN  [HikariPool-1:housekeeper] com.zaxxer.hikari.pool.PoolBase - HikariPool-1 - Failed to validate connection com.mysql.cj.jdbc.ConnectionImpl@57732f9 (No operations allowed after connection closed.). Possibly consider using a shorter maxLifetime value.
2026-09-29 09:31:17.330 WARN  [HikariPool-1:housekeeper] com.zaxxer.hikari.pool.PoolBase - HikariPool-1 - Failed to validate connection com.mysql.cj.jdbc.ConnectionImpl@7c693b7c (No operations allowed after connection closed.). Possibly consider using a shorter maxLifetime value.
2026-09-29 10:26:57.214 INFO  [SpringApplicationShutdownHook] o.s.boot.tomcat.GracefulShutdown - Commencing graceful shutdown. Waiting for active requests to complete
2026-09-29 10:26:57.221 INFO  [tomcat-shutdown] o.s.boot.tomcat.GracefulShutdown - Graceful shutdown complete
2026-09-29 10:26:57.227 INFO  [SpringApplicationShutdownHook] o.s.o.j.LocalContainerEntityManagerFactoryBean - Closing JPA EntityManagerFactory for persistence unit 'default'
2026-09-29 10:26:57.230 INFO  [SpringApplicationShutdownHook] com.zaxxer.hikari.HikariDataSource - HikariPool-1 - Shutdown initiated...
2026-09-29 10:26:57.233 INFO  [SpringApplicationShutdownHook] com.zaxxer.hikari.HikariDataSource - HikariPool-1 - Shutdown completed.
2026-09-29 10:27:00.551 INFO  [restartedMain] com.adminvisitor.VMSApplication - Starting VMSApplication using Java 21.0.9 with PID 4176 (C:\vistior-management\vms\target\classes started by nethra.r in C:\vistior-management\vms)
2026-09-29 10:27:00.553 DEBUG [restartedMain] com.adminvisitor.VMSApplication - Running with Spring Boot v4.1.1, Spring v7.0.9
2026-09-29 10:27:00.554 INFO  [restartedMain] com.adminvisitor.VMSApplication - No active profile set, falling back to 1 default profile: "default"
2026-09-29 10:27:00.596 INFO  [restartedMain] o.s.b.d.e.DevToolsPropertyDefaultsPostProcessor - Devtools property defaults active! Set 'spring.devtools.add-properties' to 'false' to disable
2026-09-29 10:27:00.596 INFO  [restartedMain] o.s.b.d.e.DevToolsPropertyDefaultsPostProcessor - For additional web related logging consider setting the 'logging.level.web' property to 'DEBUG'
2026-09-29 10:27:00.853 INFO  [background-preinit] o.h.validator.internal.util.Version - HV000001: Hibernate Validator 9.1.3.Final
2026-09-29 10:27:01.425 INFO  [restartedMain] o.s.d.r.c.RepositoryConfigurationDelegate - Bootstrapping Spring Data JPA repositories in DEFAULT mode.
2026-09-29 10:27:01.583 INFO  [restartedMain] o.s.d.r.c.RepositoryConfigurationDelegate - Finished Spring Data repository scanning in 151 ms. Found 11 JPA repository interfaces.
2026-09-29 10:27:02.330 INFO  [restartedMain] o.s.boot.tomcat.TomcatWebServer - Tomcat initialized with port 8092 (http)
2026-09-29 10:27:02.341 INFO  [restartedMain] o.a.coyote.http11.Http11NioProtocol - Initializing ProtocolHandler ["http-nio-8092"]
2026-09-29 10:27:02.343 INFO  [restartedMain] o.a.catalina.core.StandardService - Starting service [Tomcat]
2026-09-29 10:27:02.344 INFO  [restartedMain] o.a.catalina.core.StandardEngine - Starting Servlet engine: [Apache Tomcat/11.0.24]
2026-09-29 10:27:02.429 INFO  [restartedMain] o.s.b.w.c.s.WebApplicationContextInitializer - Root WebApplicationContext: initialization completed in 1832 ms
2026-09-29 10:27:02.604 INFO  [restartedMain] com.zaxxer.hikari.HikariDataSource - HikariPool-1 - Starting...
2026-09-29 10:27:02.971 INFO  [restartedMain] com.zaxxer.hikari.pool.HikariPool - HikariPool-1 - Added connection com.mysql.cj.jdbc.ConnectionImpl@44e972d6
2026-09-29 10:27:02.974 INFO  [restartedMain] com.zaxxer.hikari.HikariDataSource - HikariPool-1 - Start completed.
2026-09-29 10:27:02.997 INFO  [restartedMain] org.hibernate.orm.jpa - HHH008540: Processing PersistenceUnitInfo [name: default]
2026-09-29 10:27:03.049 INFO  [restartedMain] org.hibernate.orm.core - HHH000001: Hibernate ORM core version 7.4.5.Final
2026-09-29 10:27:03.500 INFO  [restartedMain] o.s.o.j.p.SpringPersistenceUnitInfo - No LoadTimeWeaver setup: ignoring JPA class transformer
2026-09-29 10:27:03.620 INFO  [restartedMain] o.hibernate.orm.connections.pooling - HHH10001005: Database info:
	Database JDBC URL [jdbc:mysql://192.168.11.101:3306/Interns_db]
	Database driver: MySQL Connector/J
	Database dialect: MySQLDialect
	Database version: 8.0.40
	Default catalog/schema: Interns_db/undefined
	Autocommit mode: undefined/unknown
	Isolation level: REPEATABLE_READ [default REPEATABLE_READ]
	JDBC fetch size: none
	Pool: DataSourceConnectionProvider
	Minimum pool size: undefined/unknown
	Maximum pool size: undefined/unknown
2026-09-29 10:27:04.649 INFO  [restartedMain] org.hibernate.orm.core - HHH000489: No JTA platform available (set 'hibernate.transaction.jta.platform' to enable JTA platform integration)
2026-09-29 10:27:04.656 INFO  [restartedMain] o.s.o.j.LocalContainerEntityManagerFactoryBean - Initialized JPA EntityManagerFactory for persistence unit 'default'
2026-09-29 10:27:04.763 INFO  [restartedMain] o.s.d.j.r.q.QueryEnhancerFactories - Hibernate is in classpath; If applicable, HQL parser will be used.
2026-09-29 10:27:05.853 WARN  [restartedMain] o.s.b.j.a.JpaBaseConfiguration$JpaWebConfiguration - spring.jpa.open-in-view is enabled by default. Therefore, database queries may be performed during view rendering. Explicitly configure spring.jpa.open-in-view to disable this warning
2026-09-29 10:27:06.454 INFO  [restartedMain] o.a.coyote.http11.Http11NioProtocol - Starting ProtocolHandler ["http-nio-8092"]
2026-09-29 10:27:06.472 INFO  [restartedMain] o.s.boot.tomcat.TomcatWebServer - Tomcat started on port 8092 (http) with context path '/'
2026-09-29 10:27:06.481 INFO  [restartedMain] com.adminvisitor.VMSApplication - Started VMSApplication in 6.458 seconds (process running for 7.613)
2026-09-29 10:27:06.483 WARN  [restartedMain] o.s.c.events.SpringDocAppInitializer - SpringDoc /v3/api-docs endpoint is enabled by default. To disable it in production, set the property 'springdoc.api-docs.enabled=false'
2026-09-29 10:27:06.483 WARN  [restartedMain] o.s.c.events.SpringDocAppInitializer - SpringDoc /swagger-ui.html endpoint is enabled by default. To disable it in production, set the property 'springdoc.swagger-ui.enabled=false'
2026-09-29 10:28:45.504 INFO  [SpringApplicationShutdownHook] o.s.boot.tomcat.GracefulShutdown - Commencing graceful shutdown. Waiting for active requests to complete
2026-09-29 10:28:45.509 INFO  [tomcat-shutdown] o.s.boot.tomcat.GracefulShutdown - Graceful shutdown complete
2026-09-29 10:28:45.514 INFO  [SpringApplicationShutdownHook] o.s.o.j.LocalContainerEntityManagerFactoryBean - Closing JPA EntityManagerFactory for persistence unit 'default'
2026-09-29 10:28:45.516 INFO  [SpringApplicationShutdownHook] com.zaxxer.hikari.HikariDataSource - HikariPool-1 - Shutdown initiated...
2026-09-29 10:28:45.523 INFO  [SpringApplicationShutdownHook] com.zaxxer.hikari.HikariDataSource - HikariPool-1 - Shutdown completed.
2026-09-29 10:28:50.859 INFO  [restartedMain] com.adminvisitor.VMSApplication - Starting VMSApplication using Java 21.0.9 with PID 22472 (C:\vistior-management\vms\target\classes started by nethra.r in C:\vistior-management\vms)
2026-09-29 10:28:50.861 DEBUG [restartedMain] com.adminvisitor.VMSApplication - Running with Spring Boot v4.1.1, Spring v7.0.9
2026-09-29 10:28:50.862 INFO  [restartedMain] com.adminvisitor.VMSApplication - No active profile set, falling back to 1 default profile: "default"
2026-09-29 10:28:50.901 INFO  [restartedMain] o.s.b.d.e.DevToolsPropertyDefaultsPostProcessor - Devtools property defaults active! Set 'spring.devtools.add-properties' to 'false' to disable
2026-09-29 10:28:50.901 INFO  [restartedMain] o.s.b.d.e.DevToolsPropertyDefaultsPostProcessor - For additional web related logging consider setting the 'logging.level.web' property to 'DEBUG'
2026-09-29 10:28:51.146 INFO  [background-preinit] o.h.validator.internal.util.Version - HV000001: Hibernate Validator 9.1.3.Final
2026-09-29 10:28:51.681 INFO  [restartedMain] o.s.d.r.c.RepositoryConfigurationDelegate - Bootstrapping Spring Data JPA repositories in DEFAULT mode.
2026-09-29 10:28:51.835 INFO  [restartedMain] o.s.d.r.c.RepositoryConfigurationDelegate - Finished Spring Data repository scanning in 146 ms. Found 11 JPA repository interfaces.
2026-09-29 10:28:52.562 INFO  [restartedMain] o.s.boot.tomcat.TomcatWebServer - Tomcat initialized with port 8092 (http)
2026-09-29 10:28:52.572 INFO  [restartedMain] o.a.coyote.http11.Http11NioProtocol - Initializing ProtocolHandler ["http-nio-8092"]
2026-09-29 10:28:52.574 INFO  [restartedMain] o.a.catalina.core.StandardService - Starting service [Tomcat]
2026-09-29 10:28:52.574 INFO  [restartedMain] o.a.catalina.core.StandardEngine - Starting Servlet engine: [Apache Tomcat/11.0.24]
2026-09-29 10:28:52.663 INFO  [restartedMain] o.s.b.w.c.s.WebApplicationContextInitializer - Root WebApplicationContext: initialization completed in 1762 ms
2026-09-29 10:28:52.842 INFO  [restartedMain] com.zaxxer.hikari.HikariDataSource - HikariPool-1 - Starting...
2026-09-29 10:28:53.141 INFO  [restartedMain] com.zaxxer.hikari.pool.HikariPool - HikariPool-1 - Added connection com.mysql.cj.jdbc.ConnectionImpl@749edcc0
2026-09-29 10:28:53.143 INFO  [restartedMain] com.zaxxer.hikari.HikariDataSource - HikariPool-1 - Start completed.
2026-09-29 10:28:53.164 INFO  [restartedMain] org.hibernate.orm.jpa - HHH008540: Processing PersistenceUnitInfo [name: default]
2026-09-29 10:28:53.214 INFO  [restartedMain] org.hibernate.orm.core - HHH000001: Hibernate ORM core version 7.4.5.Final
2026-09-29 10:28:53.661 INFO  [restartedMain] o.s.o.j.p.SpringPersistenceUnitInfo - No LoadTimeWeaver setup: ignoring JPA class transformer
2026-09-29 10:28:53.772 INFO  [restartedMain] o.hibernate.orm.connections.pooling - HHH10001005: Database info:
	Database JDBC URL [jdbc:mysql://192.168.11.101:3306/Interns_db]
	Database driver: MySQL Connector/J
	Database dialect: MySQLDialect
	Database version: 8.0.40
	Default catalog/schema: Interns_db/undefined
	Autocommit mode: undefined/unknown
	Isolation level: REPEATABLE_READ [default REPEATABLE_READ]
	JDBC fetch size: none
	Pool: DataSourceConnectionProvider
	Minimum pool size: undefined/unknown
	Maximum pool size: undefined/unknown
2026-09-29 10:28:54.807 INFO  [restartedMain] org.hibernate.orm.core - HHH000489: No JTA platform available (set 'hibernate.transaction.jta.platform' to enable JTA platform integration)
2026-09-29 10:28:54.814 INFO  [restartedMain] o.s.o.j.LocalContainerEntityManagerFactoryBean - Initialized JPA EntityManagerFactory for persistence unit 'default'
2026-09-29 10:28:54.926 INFO  [restartedMain] o.s.d.j.r.q.QueryEnhancerFactories - Hibernate is in classpath; If applicable, HQL parser will be used.
2026-09-29 10:28:55.986 WARN  [restartedMain] o.s.b.j.a.JpaBaseConfiguration$JpaWebConfiguration - spring.jpa.open-in-view is enabled by default. Therefore, database queries may be performed during view rendering. Explicitly configure spring.jpa.open-in-view to disable this warning
2026-09-29 10:28:56.582 INFO  [restartedMain] o.a.coyote.http11.Http11NioProtocol - Starting ProtocolHandler ["http-nio-8092"]
2026-09-29 10:28:56.599 INFO  [restartedMain] o.s.boot.tomcat.TomcatWebServer - Tomcat started on port 8092 (http) with context path '/'
2026-09-29 10:28:56.609 INFO  [restartedMain] com.adminvisitor.VMSApplication - Started VMSApplication in 6.447 seconds (process running for 7.533)
2026-09-29 10:28:56.611 WARN  [restartedMain] o.s.c.events.SpringDocAppInitializer - SpringDoc /v3/api-docs endpoint is enabled by default. To disable it in production, set the property 'springdoc.api-docs.enabled=false'
2026-09-29 10:28:56.611 WARN  [restartedMain] o.s.c.events.SpringDocAppInitializer - SpringDoc /swagger-ui.html endpoint is enabled by default. To disable it in production, set the property 'springdoc.swagger-ui.enabled=false'
2026-09-29 10:29:06.188 INFO  [http-nio-8092-exec-4] o.a.c.c.C.[Tomcat].[localhost].[/] - Initializing Spring DispatcherServlet 'dispatcherServlet'
2026-09-29 10:29:06.189 INFO  [http-nio-8092-exec-4] o.s.web.servlet.DispatcherServlet - Initializing Servlet 'dispatcherServlet'
2026-09-29 10:29:06.189 INFO  [http-nio-8092-exec-4] o.s.web.servlet.DispatcherServlet - Completed initialization in 0 ms
2026-09-29 10:29:06.478 DEBUG [http-nio-8092-exec-4] c.adminvisitor.service.VisitService - Starting visit registration. registrationType=PRE_REGISTRATION, visitorType=GUEST, hostId=EMP005
2026-09-29 10:29:06.617 DEBUG [http-nio-8092-exec-4] c.adminvisitor.service.VisitService - Timing: validateVisitTiming=0 ms
2026-09-29 10:29:06.645 INFO  [http-nio-8092-exec-4] c.adminvisitor.service.VisitService - Existing visitor found. visitorId=VTR-048
2026-09-29 10:29:06.701 INFO  [http-nio-8092-exec-4] c.adminvisitor.service.VisitService - Existing visitor identity verified. visitorId=VTR-048
2026-09-29 10:29:06.701 DEBUG [http-nio-8092-exec-4] c.adminvisitor.service.VisitService - Timing: findOrCreateVisitor and identity validation=84 ms
2026-09-29 10:29:06.722 DEBUG [http-nio-8092-exec-4] c.adminvisitor.service.VisitService - Timing: generateVisitId=21 ms
2026-09-29 10:29:06.764 WARN  [http-nio-8092-exec-4] c.a.config.ApiLoggingAspect - API_FAILED controller=VisitController method=register durationMs=301.4679 exception=BusinessRuleException
2026-09-29 10:29:06.766 WARN  [http-nio-8092-exec-4] c.a.exception.GlobalExceptionHandler - Business rule violation: Visitor already has an active visit overlapping the requested time
2026-09-29 10:29:06.823 WARN  [http-nio-8092-exec-4] o.s.w.s.m.m.a.ExceptionHandlerExceptionResolver - Resolved [com.adminvisitor.exception.BusinessRuleException: Visitor already has an active visit overlapping the requested time]
2026-09-29 10:29:20.854 DEBUG [http-nio-8092-exec-7] c.adminvisitor.service.VisitService - Starting visit registration. registrationType=PRE_REGISTRATION, visitorType=GUEST, hostId=EMP005
2026-09-29 10:29:20.866 DEBUG [http-nio-8092-exec-7] c.adminvisitor.service.VisitService - Timing: validateVisitTiming=0 ms
2026-09-29 10:29:20.896 INFO  [http-nio-8092-exec-7] c.adminvisitor.service.VisitService - Existing visitor found. visitorId=VTR-048
2026-09-29 10:29:20.916 INFO  [http-nio-8092-exec-7] c.adminvisitor.service.VisitService - Existing visitor identity verified. visitorId=VTR-048
2026-09-29 10:29:20.916 DEBUG [http-nio-8092-exec-7] c.adminvisitor.service.VisitService - Timing: findOrCreateVisitor and identity validation=50 ms
2026-09-29 10:29:20.921 DEBUG [http-nio-8092-exec-7] c.adminvisitor.service.VisitService - Timing: generateVisitId=5 ms
2026-09-29 10:29:20.939 WARN  [http-nio-8092-exec-7] c.a.config.ApiLoggingAspect - API_FAILED controller=VisitController method=register durationMs=94.5606 exception=BusinessRuleException
2026-09-29 10:29:20.940 WARN  [http-nio-8092-exec-7] c.a.exception.GlobalExceptionHandler - Business rule violation: Visitor already has an active visit overlapping the requested time
2026-09-29 10:29:20.943 WARN  [http-nio-8092-exec-7] o.s.w.s.m.m.a.ExceptionHandlerExceptionResolver - Resolved [com.adminvisitor.exception.BusinessRuleException: Visitor already has an active visit overlapping the requested time]
2026-09-29 10:29:31.997 INFO  [http-nio-8092-exec-2] c.a.config.ApiLoggingAspect - API_COMPLETED controller=SwaggerConfigResource method=openapiJson durationMs=0.6683
2026-09-29 10:29:32.628 INFO  [http-nio-8092-exec-6] o.s.api.AbstractOpenApiResource - Init duration for springdoc-openapi is: 606 ms
2026-09-29 10:29:32.663 INFO  [http-nio-8092-exec-6] c.a.config.ApiLoggingAspect - API_COMPLETED controller=OpenApiWebMvcResource method=openapiJson durationMs=641.4575
2026-09-29 10:30:31.704 WARN  [HikariPool-1:housekeeper] com.zaxxer.hikari.pool.PoolBase - HikariPool-1 - Failed to validate connection com.mysql.cj.jdbc.ConnectionImpl@3b90a82b (No operations allowed after connection closed.). Possibly consider using a shorter maxLifetime value.
2026-09-29 10:30:34.952 WARN  [HikariPool-1:housekeeper] com.zaxxer.hikari.pool.PoolBase - HikariPool-1 - Failed to validate connection com.mysql.cj.jdbc.ConnectionImpl@67d5cd1f (No operations allowed after connection closed.). Possibly consider using a shorter maxLifetime value.
2026-09-29 10:30:38.973 WARN  [HikariPool-1:housekeeper] com.zaxxer.hikari.pool.PoolBase - HikariPool-1 - Failed to validate connection com.mysql.cj.jdbc.ConnectionImpl@5f31a189 (No operations allowed after connection closed.). Possibly consider using a shorter maxLifetime value.
2026-09-29 10:30:39.203 WARN  [HikariPool-1:housekeeper] com.zaxxer.hikari.pool.PoolBase - HikariPool-1 - Failed to validate connection com.mysql.cj.jdbc.ConnectionImpl@749edcc0 (No operations allowed after connection closed.). Possibly consider using a shorter maxLifetime value.
2026-09-29 10:30:40.640 WARN  [HikariPool-1:housekeeper] com.zaxxer.hikari.pool.PoolBase - HikariPool-1 - Failed to validate connection com.mysql.cj.jdbc.ConnectionImpl@a85a351 (No operations allowed after connection closed.). Possibly consider using a shorter maxLifetime value.
2026-09-29 10:30:41.730 WARN  [HikariPool-1:housekeeper] com.zaxxer.hikari.pool.PoolBase - HikariPool-1 - Failed to validate connection com.mysql.cj.jdbc.ConnectionImpl@5bd01cd7 (No operations allowed after connection closed.). Possibly consider using a shorter maxLifetime value.
2026-09-29 10:30:42.924 WARN  [HikariPool-1:housekeeper] com.zaxxer.hikari.pool.PoolBase - HikariPool-1 - Failed to validate connection com.mysql.cj.jdbc.ConnectionImpl@12dbdab7 (No operations allowed after connection closed.). Possibly consider using a shorter maxLifetime value.
2026-09-29 10:30:44.582 WARN  [HikariPool-1:housekeeper] com.zaxxer.hikari.pool.PoolBase - HikariPool-1 - Failed to validate connection com.mysql.cj.jdbc.ConnectionImpl@4264eea1 (No operations allowed after connection closed.). Possibly consider using a shorter maxLifetime value.
2026-09-29 10:30:44.938 WARN  [HikariPool-1:housekeeper] com.zaxxer.hikari.pool.PoolBase - HikariPool-1 - Failed to validate connection com.mysql.cj.jdbc.ConnectionImpl@20284724 (No operations allowed after connection closed.). Possibly consider using a shorter maxLifetime value.
2026-09-29 10:30:52.036 WARN  [HikariPool-1:housekeeper] com.zaxxer.hikari.pool.PoolBase - HikariPool-1 - Failed to validate connection com.mysql.cj.jdbc.ConnectionImpl@17782bb3 (No operations allowed after connection closed.). Possibly consider using a shorter maxLifetime value.
2026-09-29 10:31:48.733 DEBUG [http-nio-8092-exec-5] c.adminvisitor.service.VisitService - Starting visit registration. registrationType=PRE_REGISTRATION, visitorType=GUEST, hostId=EMP005
2026-09-29 10:31:48.739 WARN  [http-nio-8092-exec-5] c.a.config.ApiLoggingAspect - API_FAILED controller=VisitController method=register durationMs=21.108 exception=IllegalArgumentException
2026-09-29 10:31:48.741 WARN  [http-nio-8092-exec-5] c.a.exception.GlobalExceptionHandler - Invalid request value: Aadhaar must contain exactly 12 digits
2026-09-29 10:31:48.742 WARN  [http-nio-8092-exec-5] o.s.w.s.m.m.a.ExceptionHandlerExceptionResolver - Resolved [java.lang.IllegalArgumentException: Aadhaar must contain exactly 12 digits]
2026-09-29 10:32:02.595 DEBUG [http-nio-8092-exec-10] c.adminvisitor.service.VisitService - Starting visit registration. registrationType=PRE_REGISTRATION, visitorType=GUEST, hostId=EMP005
2026-09-29 10:32:02.604 DEBUG [http-nio-8092-exec-10] c.adminvisitor.service.VisitService - Timing: validateVisitTiming=0 ms
2026-09-29 10:32:02.615 WARN  [http-nio-8092-exec-10] c.adminvisitor.service.VisitService - Visitor registration rejected because the supplied email is already associated with another visitor
2026-09-29 10:32:02.621 WARN  [http-nio-8092-exec-10] c.a.config.ApiLoggingAspect - API_FAILED controller=VisitController method=register durationMs=34.3974 exception=EmailAlreadyExistsException
2026-09-29 10:32:02.622 WARN  [http-nio-8092-exec-10] c.a.exception.GlobalExceptionHandler - Email already exists: This email is already associated with another visitor
2026-09-29 10:32:02.623 WARN  [http-nio-8092-exec-10] o.s.w.s.m.m.a.ExceptionHandlerExceptionResolver - Resolved [com.adminvisitor.exception.EmailAlreadyExistsException: This email is already associated with another visitor]
2026-09-29 10:32:14.388 DEBUG [http-nio-8092-exec-4] c.adminvisitor.service.VisitService - Starting visit registration. registrationType=PRE_REGISTRATION, visitorType=GUEST, hostId=EMP005
2026-09-29 10:32:14.396 DEBUG [http-nio-8092-exec-4] c.adminvisitor.service.VisitService - Timing: validateVisitTiming=0 ms
2026-09-29 10:32:14.430 INFO  [http-nio-8092-exec-4] c.adminvisitor.service.VisitService - New visitor profile created. visitorId=VTR-049
2026-09-29 10:32:14.503 DEBUG [http-nio-8092-exec-4] c.adminvisitor.service.VisitService - Timing: findOrCreateVisitor and identity validation=106 ms
2026-09-29 10:32:14.523 DEBUG [http-nio-8092-exec-4] c.adminvisitor.service.VisitService - Timing: generateVisitId=19 ms
2026-09-29 10:32:14.549 DEBUG [http-nio-8092-exec-4] c.adminvisitor.service.VisitService - Timing: visitRepository.save=8 ms
2026-09-29 10:32:14.551 DEBUG [http-nio-8092-exec-4] c.adminvisitor.service.VisitService - Timing: sendVisitConfirmationEmail=2 ms
2026-09-29 10:32:14.552 INFO  [http-nio-8092-exec-4] c.adminvisitor.service.VisitService - Visit registered successfully. visitId=VIS-087, visitReference=VIS-20260929103214-3AC8427F, visitorId=VTR-049, registrationType=PRE_REGISTRATION, status=REGISTERED
2026-09-29 10:32:14.614 INFO  [http-nio-8092-exec-4] c.a.config.ApiLoggingAspect - API_COMPLETED controller=VisitController method=register durationMs=235.1836
2026-09-29 10:32:14.916 DEBUG [task-1] c.adminvisitor.service.EmailService - Timing: emailTemplateProcessing=352 ms
2026-09-29 10:32:17.104 ERROR [task-1] com.adminvisitor.config.AsyncConfig - Async operation failed. method=sendVisitConfirmationEmail
org.springframework.mail.MailSendException: Mail server connection failed. Failed messages: org.eclipse.angus.mail.util.MailConnectException: Couldn't connect to host, port: smtp.gmail.com, 587; timeout 10000;
  nested exception is:
	java.net.ConnectException: Connection refused: getsockopt; message exceptions (1) are:
Failed message 1: org.eclipse.angus.mail.util.MailConnectException: Couldn't connect to host, port: smtp.gmail.com, 587; timeout 10000;
  nested exception is:
	java.net.ConnectException: Connection refused: getsockopt
	at org.springframework.mail.javamail.JavaMailSenderImpl.doSend(JavaMailSenderImpl.java:397)
	at org.springframework.mail.javamail.JavaMailSenderImpl.send(JavaMailSenderImpl.java:337)
	at org.springframework.mail.javamail.JavaMailSender.send(JavaMailSender.java:101)
	at com.adminvisitor.service.EmailService.sendVisitConfirmationEmail(EmailService.java:107)
	at java.base/jdk.internal.reflect.DirectMethodHandleAccessor.invoke(DirectMethodHandleAccessor.java:103)
	at java.base/java.lang.reflect.Method.invoke(Method.java:580)
	at org.springframework.aop.support.AopUtils.invokeJoinpointUsingReflection(AopUtils.java:359)
	at org.springframework.aop.framework.ReflectiveMethodInvocation.invokeJoinpoint(ReflectiveMethodInvocation.java:190)
	at org.springframework.aop.framework.ReflectiveMethodInvocation.proceed(ReflectiveMethodInvocation.java:158)
	at org.springframework.aop.interceptor.AsyncExecutionInterceptor.lambda$invoke$0(AsyncExecutionInterceptor.java:112)
	at java.base/java.util.concurrent.FutureTask.run(FutureTask.java:317)
	at java.base/java.util.concurrent.ThreadPoolExecutor.runWorker(ThreadPoolExecutor.java:1144)
	at java.base/java.util.concurrent.ThreadPoolExecutor$Worker.run(ThreadPoolExecutor.java:642)
	at java.base/java.lang.Thread.run(Thread.java:1583)
Caused by: org.eclipse.angus.mail.util.MailConnectException: Couldn't connect to host, port: smtp.gmail.com, 587; timeout 10000;
  nested exception is:
	java.net.ConnectException: Connection refused: getsockopt
	at org.eclipse.angus.mail.smtp.SMTPTransport.openServer(SMTPTransport.java:2243)
	at org.eclipse.angus.mail.smtp.SMTPTransport.protocolConnect(SMTPTransport.java:729)
	at jakarta.mail.Service.connect(Service.java:345)
	at org.springframework.mail.javamail.JavaMailSenderImpl.connectTransport(JavaMailSenderImpl.java:467)
	at org.springframework.mail.javamail.JavaMailSenderImpl.doSend(JavaMailSenderImpl.java:386)
	... 13 common frames omitted
Caused by: java.net.ConnectException: Connection refused: getsockopt
	at java.base/sun.nio.ch.Net.pollConnect(Native Method)
	at java.base/sun.nio.ch.Net.pollConnectNow(Net.java:690)
	at java.base/sun.nio.ch.NioSocketImpl.timedFinishConnect(NioSocketImpl.java:549)
	at java.base/sun.nio.ch.NioSocketImpl.connect(NioSocketImpl.java:592)
	at java.base/java.net.SocksSocketImpl.connect(SocksSocketImpl.java:327)
	at java.base/java.net.Socket.connect(Socket.java:751)
	at org.eclipse.angus.mail.util.WriteTimeoutSocket.connect(WriteTimeoutSocket.java:118)
	at org.eclipse.angus.mail.util.SocketFetcher.createSocket(SocketFetcher.java:366)
	at org.eclipse.angus.mail.util.SocketFetcher.getSocket(SocketFetcher.java:243)
	at org.eclipse.angus.mail.smtp.SMTPTransport.openServer(SMTPTransport.java:2193)
	... 17 common frames omitted
2026-09-29 10:45:28.213 INFO  [SpringApplicationShutdownHook] o.s.boot.tomcat.GracefulShutdown - Commencing graceful shutdown. Waiting for active requests to complete
2026-09-29 10:45:28.221 INFO  [tomcat-shutdown] o.s.boot.tomcat.GracefulShutdown - Graceful shutdown complete
2026-09-29 10:45:28.227 INFO  [SpringApplicationShutdownHook] o.s.o.j.LocalContainerEntityManagerFactoryBean - Closing JPA EntityManagerFactory for persistence unit 'default'
2026-09-29 10:45:28.230 INFO  [SpringApplicationShutdownHook] com.zaxxer.hikari.HikariDataSource - HikariPool-1 - Shutdown initiated...
2026-09-29 10:45:28.238 INFO  [SpringApplicationShutdownHook] com.zaxxer.hikari.HikariDataSource - HikariPool-1 - Shutdown completed.
2026-09-29 10:45:33.441 INFO  [restartedMain] com.adminvisitor.VMSApplication - Starting VMSApplication using Java 21.0.9 with PID 20520 (C:\vistior-management\vms\target\classes started by nethra.r in C:\vistior-management\vms)
2026-09-29 10:45:33.443 DEBUG [restartedMain] com.adminvisitor.VMSApplication - Running with Spring Boot v4.1.1, Spring v7.0.9
2026-09-29 10:45:33.444 INFO  [restartedMain] com.adminvisitor.VMSApplication - No active profile set, falling back to 1 default profile: "default"
2026-09-29 10:45:33.481 INFO  [restartedMain] o.s.b.d.e.DevToolsPropertyDefaultsPostProcessor - Devtools property defaults active! Set 'spring.devtools.add-properties' to 'false' to disable
2026-09-29 10:45:33.481 INFO  [restartedMain] o.s.b.d.e.DevToolsPropertyDefaultsPostProcessor - For additional web related logging consider setting the 'logging.level.web' property to 'DEBUG'
2026-09-29 10:45:33.783 INFO  [background-preinit] o.h.validator.internal.util.Version - HV000001: Hibernate Validator 9.1.3.Final
2026-09-29 10:45:34.550 INFO  [restartedMain] o.s.d.r.c.RepositoryConfigurationDelegate - Bootstrapping Spring Data JPA repositories in DEFAULT mode.
2026-09-29 10:45:34.705 INFO  [restartedMain] o.s.d.r.c.RepositoryConfigurationDelegate - Finished Spring Data repository scanning in 148 ms. Found 11 JPA repository interfaces.
2026-09-29 10:45:35.440 INFO  [restartedMain] o.s.boot.tomcat.TomcatWebServer - Tomcat initialized with port 8092 (http)
2026-09-29 10:45:35.451 INFO  [restartedMain] o.a.coyote.http11.Http11NioProtocol - Initializing ProtocolHandler ["http-nio-8092"]
2026-09-29 10:45:35.453 INFO  [restartedMain] o.a.catalina.core.StandardService - Starting service [Tomcat]
2026-09-29 10:45:35.453 INFO  [restartedMain] o.a.catalina.core.StandardEngine - Starting Servlet engine: [Apache Tomcat/11.0.24]
2026-09-29 10:45:35.526 INFO  [restartedMain] o.s.b.w.c.s.WebApplicationContextInitializer - Root WebApplicationContext: initialization completed in 2044 ms
2026-09-29 10:45:35.667 INFO  [restartedMain] com.zaxxer.hikari.HikariDataSource - HikariPool-1 - Starting...
2026-09-29 10:45:36.085 INFO  [restartedMain] com.zaxxer.hikari.pool.HikariPool - HikariPool-1 - Added connection com.mysql.cj.jdbc.ConnectionImpl@1592b488
2026-09-29 10:45:36.086 INFO  [restartedMain] com.zaxxer.hikari.HikariDataSource - HikariPool-1 - Start completed.
2026-09-29 10:45:36.104 INFO  [restartedMain] org.hibernate.orm.jpa - HHH008540: Processing PersistenceUnitInfo [name: default]
2026-09-29 10:45:36.152 INFO  [restartedMain] org.hibernate.orm.core - HHH000001: Hibernate ORM core version 7.4.5.Final
2026-09-29 10:45:36.514 INFO  [restartedMain] o.s.o.j.p.SpringPersistenceUnitInfo - No LoadTimeWeaver setup: ignoring JPA class transformer
2026-09-29 10:45:36.612 INFO  [restartedMain] o.hibernate.orm.connections.pooling - HHH10001005: Database info:
	Database JDBC URL [jdbc:mysql://192.168.11.101:3306/Interns_db]
	Database driver: MySQL Connector/J
	Database dialect: MySQLDialect
	Database version: 8.0.40
	Default catalog/schema: Interns_db/undefined
	Autocommit mode: undefined/unknown
	Isolation level: REPEATABLE_READ [default REPEATABLE_READ]
	JDBC fetch size: none
	Pool: DataSourceConnectionProvider
	Minimum pool size: undefined/unknown
	Maximum pool size: undefined/unknown
2026-09-29 10:45:37.495 INFO  [restartedMain] org.hibernate.orm.core - HHH000489: No JTA platform available (set 'hibernate.transaction.jta.platform' to enable JTA platform integration)
2026-09-29 10:45:37.502 INFO  [restartedMain] o.s.o.j.LocalContainerEntityManagerFactoryBean - Initialized JPA EntityManagerFactory for persistence unit 'default'
2026-09-29 10:45:37.651 INFO  [restartedMain] o.s.d.j.r.q.QueryEnhancerFactories - Hibernate is in classpath; If applicable, HQL parser will be used.
2026-09-29 10:45:38.470 WARN  [restartedMain] o.s.b.j.a.JpaBaseConfiguration$JpaWebConfiguration - spring.jpa.open-in-view is enabled by default. Therefore, database queries may be performed during view rendering. Explicitly configure spring.jpa.open-in-view to disable this warning
2026-09-29 10:45:38.981 INFO  [restartedMain] o.a.coyote.http11.Http11NioProtocol - Starting ProtocolHandler ["http-nio-8092"]
2026-09-29 10:45:39.003 INFO  [restartedMain] o.s.boot.tomcat.TomcatWebServer - Tomcat started on port 8092 (http) with context path '/'
2026-09-29 10:45:39.011 INFO  [restartedMain] com.adminvisitor.VMSApplication - Started VMSApplication in 6.093 seconds (process running for 6.864)
2026-09-29 10:45:39.012 WARN  [restartedMain] o.s.c.events.SpringDocAppInitializer - SpringDoc /v3/api-docs endpoint is enabled by default. To disable it in production, set the property 'springdoc.api-docs.enabled=false'
2026-09-29 10:45:39.012 WARN  [restartedMain] o.s.c.events.SpringDocAppInitializer - SpringDoc /swagger-ui.html endpoint is enabled by default. To disable it in production, set the property 'springdoc.swagger-ui.enabled=false'
2026-09-29 10:45:41.166 ERROR [restartedMain] o.s.boot.SpringApplication - Application run failed
java.lang.reflect.UndeclaredThrowableException: Failed to invoke event listener method
ApplicationListenerMethodAdapter details: 
Bean [com.adminvisitor.config.SmtpDiagnostic]
Method [public void com.adminvisitor.config.SmtpDiagnostic.testConnection() throws java.lang.Exception]
Resolved arguments: 

	at org.springframework.context.event.ApplicationListenerMethodAdapter.doInvoke(ApplicationListenerMethodAdapter.java:409)
	at org.springframework.context.event.ApplicationListenerMethodAdapter.processEvent(ApplicationListenerMethodAdapter.java:270)
	at org.springframework.context.event.ApplicationListenerMethodAdapter.onApplicationEvent(ApplicationListenerMethodAdapter.java:200)
	at org.springframework.context.event.SimpleApplicationEventMulticaster.doInvokeListener(SimpleApplicationEventMulticaster.java:180)
	at org.springframework.context.event.SimpleApplicationEventMulticaster.invokeListener(SimpleApplicationEventMulticaster.java:173)
	at org.springframework.context.event.SimpleApplicationEventMulticaster.multicastEvent(SimpleApplicationEventMulticaster.java:151)
	at org.springframework.context.support.AbstractApplicationContext.publishEvent(AbstractApplicationContext.java:448)
	at org.springframework.context.support.AbstractApplicationContext.publishEvent(AbstractApplicationContext.java:381)
	at org.springframework.boot.context.event.EventPublishingRunListener.ready(EventPublishingRunListener.java:110)
	at org.springframework.boot.SpringApplicationRunListeners.lambda$ready$0(SpringApplicationRunListeners.java:82)
	at java.base/java.lang.Iterable.forEach(Iterable.java:75)
	at org.springframework.boot.SpringApplicationRunListeners.doWithListeners(SpringApplicationRunListeners.java:123)
	at org.springframework.boot.SpringApplicationRunListeners.doWithListeners(SpringApplicationRunListeners.java:117)
	at org.springframework.boot.SpringApplicationRunListeners.ready(SpringApplicationRunListeners.java:82)
	at org.springframework.boot.SpringApplication.run(SpringApplication.java:335)
	at org.springframework.boot.SpringApplication.run(SpringApplication.java:1365)
	at org.springframework.boot.SpringApplication.run(SpringApplication.java:1354)
	at com.adminvisitor.VMSApplication.main(VMSApplication.java:12)
	at java.base/jdk.internal.reflect.DirectMethodHandleAccessor.invoke(DirectMethodHandleAccessor.java:103)
	at java.base/java.lang.reflect.Method.invoke(Method.java:580)
	at org.springframework.boot.devtools.restart.RestartLauncher.run(RestartLauncher.java:52)
Caused by: java.net.ConnectException: Connection refused: getsockopt
	at java.base/sun.nio.ch.Net.pollConnect(Native Method)
	at java.base/sun.nio.ch.Net.pollConnectNow(Net.java:690)
	at java.base/sun.nio.ch.NioSocketImpl.timedFinishConnect(NioSocketImpl.java:549)
	at java.base/sun.nio.ch.NioSocketImpl.connect(NioSocketImpl.java:592)
	at java.base/java.net.SocksSocketImpl.connect(SocksSocketImpl.java:327)
	at java.base/java.net.Socket.connect(Socket.java:751)
	at com.adminvisitor.service.EmailService.testSmtpConnection(EmailService.java:395)
	at java.base/jdk.internal.reflect.DirectMethodHandleAccessor.invoke(DirectMethodHandleAccessor.java:103)
	at java.base/java.lang.reflect.Method.invoke(Method.java:580)
	at org.springframework.aop.support.AopUtils.invokeJoinpointUsingReflection(AopUtils.java:359)
	at org.springframework.aop.framework.CglibAopProxy$DynamicAdvisedInterceptor.intercept(CglibAopProxy.java:715)
	at com.adminvisitor.service.EmailService$$SpringCGLIB$$0.testSmtpConnection(<generated>)
	at com.adminvisitor.config.SmtpDiagnostic.testConnection(SmtpDiagnostic.java:17)
	at java.base/jdk.internal.reflect.DirectMethodHandleAccessor.invoke(DirectMethodHandleAccessor.java:103)
	at java.base/java.lang.reflect.Method.invoke(Method.java:580)
	at org.springframework.context.event.ApplicationListenerMethodAdapter.doInvoke(ApplicationListenerMethodAdapter.java:392)
	... 20 common frames omitted
2026-09-29 10:45:41.171 INFO  [restartedMain] o.s.boot.tomcat.GracefulShutdown - Commencing graceful shutdown. Waiting for active requests to complete
2026-09-29 10:45:41.172 INFO  [tomcat-shutdown] o.a.coyote.http11.Http11NioProtocol - Pausing ProtocolHandler ["http-nio-8092"]
2026-09-29 10:45:41.180 INFO  [tomcat-shutdown] o.s.boot.tomcat.GracefulShutdown - Graceful shutdown complete
2026-09-29 10:45:41.180 INFO  [restartedMain] o.a.coyote.http11.Http11NioProtocol - Stopping ProtocolHandler ["http-nio-8092"]
2026-09-29 10:45:41.184 INFO  [restartedMain] o.s.o.j.LocalContainerEntityManagerFactoryBean - Closing JPA EntityManagerFactory for persistence unit 'default'
2026-09-29 10:45:41.186 INFO  [restartedMain] com.zaxxer.hikari.HikariDataSource - HikariPool-1 - Shutdown initiated...
2026-09-29 10:45:41.194 INFO  [restartedMain] com.zaxxer.hikari.HikariDataSource - HikariPool-1 - Shutdown completed.
2026-09-29 10:47:34.456 INFO  [restartedMain] com.adminvisitor.VMSApplication - Starting VMSApplication using Java 21.0.9 with PID 3156 (C:\vistior-management\vms\target\classes started by nethra.r in C:\vistior-management\vms)
2026-09-29 10:47:34.458 DEBUG [restartedMain] com.adminvisitor.VMSApplication - Running with Spring Boot v4.1.1, Spring v7.0.9
2026-09-29 10:47:34.458 INFO  [restartedMain] com.adminvisitor.VMSApplication - No active profile set, falling back to 1 default profile: "default"
2026-09-29 10:47:34.498 INFO  [restartedMain] o.s.b.d.e.DevToolsPropertyDefaultsPostProcessor - Devtools property defaults active! Set 'spring.devtools.add-properties' to 'false' to disable
2026-09-29 10:47:34.498 INFO  [restartedMain] o.s.b.d.e.DevToolsPropertyDefaultsPostProcessor - For additional web related logging consider setting the 'logging.level.web' property to 'DEBUG'
2026-09-29 10:47:34.747 INFO  [background-preinit] o.h.validator.internal.util.Version - HV000001: Hibernate Validator 9.1.3.Final
2026-09-29 10:47:35.328 INFO  [restartedMain] o.s.d.r.c.RepositoryConfigurationDelegate - Bootstrapping Spring Data JPA repositories in DEFAULT mode.
2026-09-29 10:47:35.483 INFO  [restartedMain] o.s.d.r.c.RepositoryConfigurationDelegate - Finished Spring Data repository scanning in 144 ms. Found 11 JPA repository interfaces.
2026-09-29 10:47:36.303 INFO  [restartedMain] o.s.boot.tomcat.TomcatWebServer - Tomcat initialized with port 8092 (http)
2026-09-29 10:47:36.316 INFO  [restartedMain] o.a.coyote.http11.Http11NioProtocol - Initializing ProtocolHandler ["http-nio-8092"]
2026-09-29 10:47:36.319 INFO  [restartedMain] o.a.catalina.core.StandardService - Starting service [Tomcat]
2026-09-29 10:47:36.319 INFO  [restartedMain] o.a.catalina.core.StandardEngine - Starting Servlet engine: [Apache Tomcat/11.0.24]
2026-09-29 10:47:36.415 INFO  [restartedMain] o.s.b.w.c.s.WebApplicationContextInitializer - Root WebApplicationContext: initialization completed in 1916 ms
2026-09-29 10:47:36.602 INFO  [restartedMain] com.zaxxer.hikari.HikariDataSource - HikariPool-1 - Starting...
2026-09-29 10:47:36.973 INFO  [restartedMain] com.zaxxer.hikari.pool.HikariPool - HikariPool-1 - Added connection com.mysql.cj.jdbc.ConnectionImpl@1592b488
2026-09-29 10:47:36.976 INFO  [restartedMain] com.zaxxer.hikari.HikariDataSource - HikariPool-1 - Start completed.
2026-09-29 10:47:37.001 INFO  [restartedMain] org.hibernate.orm.jpa - HHH008540: Processing PersistenceUnitInfo [name: default]
2026-09-29 10:47:37.055 INFO  [restartedMain] org.hibernate.orm.core - HHH000001: Hibernate ORM core version 7.4.5.Final
2026-09-29 10:47:37.513 INFO  [restartedMain] o.s.o.j.p.SpringPersistenceUnitInfo - No LoadTimeWeaver setup: ignoring JPA class transformer
2026-09-29 10:47:37.625 INFO  [restartedMain] o.hibernate.orm.connections.pooling - HHH10001005: Database info:
	Database JDBC URL [jdbc:mysql://192.168.11.101:3306/Interns_db]
	Database driver: MySQL Connector/J
	Database dialect: MySQLDialect
	Database version: 8.0.40
	Default catalog/schema: Interns_db/undefined
	Autocommit mode: undefined/unknown
	Isolation level: REPEATABLE_READ [default REPEATABLE_READ]
	JDBC fetch size: none
	Pool: DataSourceConnectionProvider
	Minimum pool size: undefined/unknown
	Maximum pool size: undefined/unknown
2026-09-29 10:47:38.651 INFO  [restartedMain] org.hibernate.orm.core - HHH000489: No JTA platform available (set 'hibernate.transaction.jta.platform' to enable JTA platform integration)
2026-09-29 10:47:38.659 INFO  [restartedMain] o.s.o.j.LocalContainerEntityManagerFactoryBean - Initialized JPA EntityManagerFactory for persistence unit 'default'
2026-09-29 10:47:38.856 INFO  [restartedMain] o.s.d.j.r.q.QueryEnhancerFactories - Hibernate is in classpath; If applicable, HQL parser will be used.
2026-09-29 10:47:39.848 WARN  [restartedMain] o.s.b.j.a.JpaBaseConfiguration$JpaWebConfiguration - spring.jpa.open-in-view is enabled by default. Therefore, database queries may be performed during view rendering. Explicitly configure spring.jpa.open-in-view to disable this warning
2026-09-29 10:47:40.501 INFO  [restartedMain] o.a.coyote.http11.Http11NioProtocol - Starting ProtocolHandler ["http-nio-8092"]
2026-09-29 10:47:40.518 INFO  [restartedMain] o.s.boot.tomcat.TomcatWebServer - Tomcat started on port 8092 (http) with context path '/'
2026-09-29 10:47:40.527 INFO  [restartedMain] com.adminvisitor.VMSApplication - Started VMSApplication in 6.576 seconds (process running for 7.312)
2026-09-29 10:47:40.530 WARN  [restartedMain] o.s.c.events.SpringDocAppInitializer - SpringDoc /v3/api-docs endpoint is enabled by default. To disable it in production, set the property 'springdoc.api-docs.enabled=false'
2026-09-29 10:47:40.530 WARN  [restartedMain] o.s.c.events.SpringDocAppInitializer - SpringDoc /swagger-ui.html endpoint is enabled by default. To disable it in production, set the property 'springdoc.swagger-ui.enabled=false'
2026-09-29 10:47:42.622 ERROR [restartedMain] o.s.boot.SpringApplication - Application run failed
java.lang.reflect.UndeclaredThrowableException: Failed to invoke event listener method
ApplicationListenerMethodAdapter details: 
Bean [com.adminvisitor.config.SmtpDiagnostic]
Method [public void com.adminvisitor.config.SmtpDiagnostic.testConnection() throws java.lang.Exception]
Resolved arguments: 

	at org.springframework.context.event.ApplicationListenerMethodAdapter.doInvoke(ApplicationListenerMethodAdapter.java:409)
	at org.springframework.context.event.ApplicationListenerMethodAdapter.processEvent(ApplicationListenerMethodAdapter.java:270)
	at org.springframework.context.event.ApplicationListenerMethodAdapter.onApplicationEvent(ApplicationListenerMethodAdapter.java:200)
	at org.springframework.context.event.SimpleApplicationEventMulticaster.doInvokeListener(SimpleApplicationEventMulticaster.java:180)
	at org.springframework.context.event.SimpleApplicationEventMulticaster.invokeListener(SimpleApplicationEventMulticaster.java:173)
	at org.springframework.context.event.SimpleApplicationEventMulticaster.multicastEvent(SimpleApplicationEventMulticaster.java:151)
	at org.springframework.context.support.AbstractApplicationContext.publishEvent(AbstractApplicationContext.java:448)
	at org.springframework.context.support.AbstractApplicationContext.publishEvent(AbstractApplicationContext.java:381)
	at org.springframework.boot.context.event.EventPublishingRunListener.ready(EventPublishingRunListener.java:110)
	at org.springframework.boot.SpringApplicationRunListeners.lambda$ready$0(SpringApplicationRunListeners.java:82)
	at java.base/java.lang.Iterable.forEach(Iterable.java:75)
	at org.springframework.boot.SpringApplicationRunListeners.doWithListeners(SpringApplicationRunListeners.java:123)
	at org.springframework.boot.SpringApplicationRunListeners.doWithListeners(SpringApplicationRunListeners.java:117)
	at org.springframework.boot.SpringApplicationRunListeners.ready(SpringApplicationRunListeners.java:82)
	at org.springframework.boot.SpringApplication.run(SpringApplication.java:335)
	at org.springframework.boot.SpringApplication.run(SpringApplication.java:1365)
	at org.springframework.boot.SpringApplication.run(SpringApplication.java:1354)
	at com.adminvisitor.VMSApplication.main(VMSApplication.java:12)
	at java.base/jdk.internal.reflect.DirectMethodHandleAccessor.invoke(DirectMethodHandleAccessor.java:103)
	at java.base/java.lang.reflect.Method.invoke(Method.java:580)
	at org.springframework.boot.devtools.restart.RestartLauncher.run(RestartLauncher.java:52)
Caused by: java.net.ConnectException: Connection refused: getsockopt
	at java.base/sun.nio.ch.Net.pollConnect(Native Method)
	at java.base/sun.nio.ch.Net.pollConnectNow(Net.java:690)
	at java.base/sun.nio.ch.NioSocketImpl.timedFinishConnect(NioSocketImpl.java:549)
	at java.base/sun.nio.ch.NioSocketImpl.connect(NioSocketImpl.java:592)
	at java.base/java.net.SocksSocketImpl.connect(SocksSocketImpl.java:327)
	at java.base/java.net.Socket.connect(Socket.java:751)
	at com.adminvisitor.service.EmailService.testSmtpConnection(EmailService.java:395)
	at java.base/jdk.internal.reflect.DirectMethodHandleAccessor.invoke(DirectMethodHandleAccessor.java:103)
	at java.base/java.lang.reflect.Method.invoke(Method.java:580)
	at org.springframework.aop.support.AopUtils.invokeJoinpointUsingReflection(AopUtils.java:359)
	at org.springframework.aop.framework.CglibAopProxy$DynamicAdvisedInterceptor.intercept(CglibAopProxy.java:715)
	at com.adminvisitor.service.EmailService$$SpringCGLIB$$0.testSmtpConnection(<generated>)
	at com.adminvisitor.config.SmtpDiagnostic.testConnection(SmtpDiagnostic.java:35)
	at java.base/jdk.internal.reflect.DirectMethodHandleAccessor.invoke(DirectMethodHandleAccessor.java:103)
	at java.base/java.lang.reflect.Method.invoke(Method.java:580)
	at org.springframework.context.event.ApplicationListenerMethodAdapter.doInvoke(ApplicationListenerMethodAdapter.java:392)
	... 20 common frames omitted
2026-09-29 10:47:42.630 INFO  [restartedMain] o.s.boot.tomcat.GracefulShutdown - Commencing graceful shutdown. Waiting for active requests to complete
2026-09-29 10:47:42.632 INFO  [tomcat-shutdown] o.a.coyote.http11.Http11NioProtocol - Pausing ProtocolHandler ["http-nio-8092"]
2026-09-29 10:47:42.641 INFO  [tomcat-shutdown] o.s.boot.tomcat.GracefulShutdown - Graceful shutdown complete
2026-09-29 10:47:42.642 INFO  [restartedMain] o.a.coyote.http11.Http11NioProtocol - Stopping ProtocolHandler ["http-nio-8092"]
2026-09-29 10:47:42.649 INFO  [restartedMain] o.s.o.j.LocalContainerEntityManagerFactoryBean - Closing JPA EntityManagerFactory for persistence unit 'default'
2026-09-29 10:47:42.654 INFO  [restartedMain] com.zaxxer.hikari.HikariDataSource - HikariPool-1 - Shutdown initiated...
2026-09-29 10:47:42.678 INFO  [restartedMain] com.zaxxer.hikari.HikariDataSource - HikariPool-1 - Shutdown completed.
2026-09-29 10:54:13.597 INFO  [restartedMain] com.adminvisitor.VMSApplication - Starting VMSApplication using Java 21.0.9 with PID 16052 (C:\vistior-management\vms\target\classes started by nethra.r in C:\vistior-management\vms)
2026-09-29 10:54:13.599 DEBUG [restartedMain] com.adminvisitor.VMSApplication - Running with Spring Boot v4.1.1, Spring v7.0.9
2026-09-29 10:54:13.600 INFO  [restartedMain] com.adminvisitor.VMSApplication - No active profile set, falling back to 1 default profile: "default"
2026-09-29 10:54:13.640 INFO  [restartedMain] o.s.b.d.e.DevToolsPropertyDefaultsPostProcessor - Devtools property defaults active! Set 'spring.devtools.add-properties' to 'false' to disable
2026-09-29 10:54:13.640 INFO  [restartedMain] o.s.b.d.e.DevToolsPropertyDefaultsPostProcessor - For additional web related logging consider setting the 'logging.level.web' property to 'DEBUG'
2026-09-29 10:54:13.889 INFO  [background-preinit] o.h.validator.internal.util.Version - HV000001: Hibernate Validator 9.1.3.Final
2026-09-29 10:54:14.432 INFO  [restartedMain] o.s.d.r.c.RepositoryConfigurationDelegate - Bootstrapping Spring Data JPA repositories in DEFAULT mode.
2026-09-29 10:54:14.590 INFO  [restartedMain] o.s.d.r.c.RepositoryConfigurationDelegate - Finished Spring Data repository scanning in 152 ms. Found 11 JPA repository interfaces.
2026-09-29 10:54:15.330 INFO  [restartedMain] o.s.boot.tomcat.TomcatWebServer - Tomcat initialized with port 8092 (http)
2026-09-29 10:54:15.342 INFO  [restartedMain] o.a.coyote.http11.Http11NioProtocol - Initializing ProtocolHandler ["http-nio-8092"]
2026-09-29 10:54:15.345 INFO  [restartedMain] o.a.catalina.core.StandardService - Starting service [Tomcat]
2026-09-29 10:54:15.345 INFO  [restartedMain] o.a.catalina.core.StandardEngine - Starting Servlet engine: [Apache Tomcat/11.0.24]
2026-09-29 10:54:15.443 INFO  [restartedMain] o.s.b.w.c.s.WebApplicationContextInitializer - Root WebApplicationContext: initialization completed in 1803 ms
2026-09-29 10:54:15.631 INFO  [restartedMain] com.zaxxer.hikari.HikariDataSource - HikariPool-1 - Starting...
2026-09-29 10:54:15.953 INFO  [restartedMain] com.zaxxer.hikari.pool.HikariPool - HikariPool-1 - Added connection com.mysql.cj.jdbc.ConnectionImpl@1c97470e
2026-09-29 10:54:15.955 INFO  [restartedMain] com.zaxxer.hikari.HikariDataSource - HikariPool-1 - Start completed.
2026-09-29 10:54:15.980 INFO  [restartedMain] org.hibernate.orm.jpa - HHH008540: Processing PersistenceUnitInfo [name: default]
2026-09-29 10:54:16.033 INFO  [restartedMain] org.hibernate.orm.core - HHH000001: Hibernate ORM core version 7.4.5.Final
2026-09-29 10:54:16.502 INFO  [restartedMain] o.s.o.j.p.SpringPersistenceUnitInfo - No LoadTimeWeaver setup: ignoring JPA class transformer
2026-09-29 10:54:16.665 INFO  [restartedMain] o.hibernate.orm.connections.pooling - HHH10001005: Database info:
	Database JDBC URL [jdbc:mysql://192.168.11.101:3306/Interns_db]
	Database driver: MySQL Connector/J
	Database dialect: MySQLDialect
	Database version: 8.0.40
	Default catalog/schema: Interns_db/undefined
	Autocommit mode: undefined/unknown
	Isolation level: REPEATABLE_READ [default REPEATABLE_READ]
	JDBC fetch size: none
	Pool: DataSourceConnectionProvider
	Minimum pool size: undefined/unknown
	Maximum pool size: undefined/unknown
2026-09-29 10:54:17.741 INFO  [restartedMain] org.hibernate.orm.core - HHH000489: No JTA platform available (set 'hibernate.transaction.jta.platform' to enable JTA platform integration)
2026-09-29 10:54:17.747 INFO  [restartedMain] o.s.o.j.LocalContainerEntityManagerFactoryBean - Initialized JPA EntityManagerFactory for persistence unit 'default'
2026-09-29 10:54:17.939 INFO  [restartedMain] o.s.d.j.r.q.QueryEnhancerFactories - Hibernate is in classpath; If applicable, HQL parser will be used.
2026-09-29 10:54:18.946 WARN  [restartedMain] o.s.b.j.a.JpaBaseConfiguration$JpaWebConfiguration - spring.jpa.open-in-view is enabled by default. Therefore, database queries may be performed during view rendering. Explicitly configure spring.jpa.open-in-view to disable this warning
2026-09-29 10:54:19.582 INFO  [restartedMain] o.a.coyote.http11.Http11NioProtocol - Starting ProtocolHandler ["http-nio-8092"]
2026-09-29 10:54:19.601 INFO  [restartedMain] o.s.boot.tomcat.TomcatWebServer - Tomcat started on port 8092 (http) with context path '/'
2026-09-29 10:54:19.611 INFO  [restartedMain] com.adminvisitor.VMSApplication - Started VMSApplication in 6.517 seconds (process running for 7.315)
2026-09-29 10:54:19.614 WARN  [restartedMain] o.s.c.events.SpringDocAppInitializer - SpringDoc /v3/api-docs endpoint is enabled by default. To disable it in production, set the property 'springdoc.api-docs.enabled=false'
2026-09-29 10:54:19.614 WARN  [restartedMain] o.s.c.events.SpringDocAppInitializer - SpringDoc /swagger-ui.html endpoint is enabled by default. To disable it in production, set the property 'springdoc.swagger-ui.enabled=false'
2026-09-29 10:54:19.689 INFO  [restartedMain] c.adminvisitor.service.EmailService - Spring Boot SMTP TCP connection successful
2026-09-29 10:54:43.386 INFO  [http-nio-8092-exec-1] o.a.c.c.C.[Tomcat].[localhost].[/] - Initializing Spring DispatcherServlet 'dispatcherServlet'
2026-09-29 10:54:43.387 INFO  [http-nio-8092-exec-1] o.s.web.servlet.DispatcherServlet - Initializing Servlet 'dispatcherServlet'
2026-09-29 10:54:43.388 INFO  [http-nio-8092-exec-1] o.s.web.servlet.DispatcherServlet - Completed initialization in 1 ms
2026-09-29 10:54:43.630 DEBUG [http-nio-8092-exec-1] c.adminvisitor.service.VisitService - Starting visit registration. registrationType=PRE_REGISTRATION, visitorType=GUEST, hostId=EMP005
2026-09-29 10:54:43.809 DEBUG [http-nio-8092-exec-1] c.adminvisitor.service.VisitService - Timing: validateVisitTiming=0 ms
2026-09-29 10:54:43.836 INFO  [http-nio-8092-exec-1] c.adminvisitor.service.VisitService - Existing visitor found. visitorId=VTR-049
2026-09-29 10:54:43.898 INFO  [http-nio-8092-exec-1] c.adminvisitor.service.VisitService - Existing visitor identity verified. visitorId=VTR-049
2026-09-29 10:54:43.899 DEBUG [http-nio-8092-exec-1] c.adminvisitor.service.VisitService - Timing: findOrCreateVisitor and identity validation=90 ms
2026-09-29 10:54:43.922 DEBUG [http-nio-8092-exec-1] c.adminvisitor.service.VisitService - Timing: generateVisitId=23 ms
2026-09-29 10:54:43.979 DEBUG [http-nio-8092-exec-1] c.adminvisitor.service.VisitService - Timing: visitRepository.save=25 ms
2026-09-29 10:54:43.981 DEBUG [http-nio-8092-exec-1] c.adminvisitor.service.VisitService - Timing: sendVisitConfirmationEmail=2 ms
2026-09-29 10:54:43.981 INFO  [http-nio-8092-exec-1] c.adminvisitor.service.VisitService - Visit registered successfully. visitId=VIS-088, visitReference=VIS-20260929105443-5AB5FF20, visitorId=VTR-049, registrationType=PRE_REGISTRATION, status=REGISTERED
2026-09-29 10:54:44.066 INFO  [http-nio-8092-exec-1] c.a.config.ApiLoggingAspect - API_COMPLETED controller=VisitController method=register durationMs=456.3643
2026-09-29 10:54:44.324 DEBUG [task-1] c.adminvisitor.service.EmailService - Timing: emailTemplateProcessing=333 ms
2026-09-29 10:54:48.857 DEBUG [task-1] c.adminvisitor.service.EmailService - Timing: smtpSend=4470 ms
2026-09-29 11:13:49.560 INFO  [SpringApplicationShutdownHook] o.s.boot.tomcat.GracefulShutdown - Commencing graceful shutdown. Waiting for active requests to complete
2026-09-29 11:13:49.565 INFO  [tomcat-shutdown] o.s.boot.tomcat.GracefulShutdown - Graceful shutdown complete
2026-09-29 11:13:49.573 INFO  [SpringApplicationShutdownHook] o.s.o.j.LocalContainerEntityManagerFactoryBean - Closing JPA EntityManagerFactory for persistence unit 'default'
2026-09-29 11:13:49.577 INFO  [SpringApplicationShutdownHook] com.zaxxer.hikari.HikariDataSource - HikariPool-1 - Shutdown initiated...
2026-09-29 11:13:49.579 INFO  [SpringApplicationShutdownHook] com.zaxxer.hikari.HikariDataSource - HikariPool-1 - Shutdown completed.
2026-09-29 11:13:54.480 INFO  [restartedMain] com.adminvisitor.VMSApplication - Starting VMSApplication using Java 21.0.9 with PID 21256 (C:\vistior-management\vms\target\classes started by nethra.r in C:\vistior-management\vms)
2026-09-29 11:13:54.482 DEBUG [restartedMain] com.adminvisitor.VMSApplication - Running with Spring Boot v4.1.1, Spring v7.0.9
2026-09-29 11:13:54.483 INFO  [restartedMain] com.adminvisitor.VMSApplication - No active profile set, falling back to 1 default profile: "default"
2026-09-29 11:13:54.525 INFO  [restartedMain] o.s.b.d.e.DevToolsPropertyDefaultsPostProcessor - Devtools property defaults active! Set 'spring.devtools.add-properties' to 'false' to disable
2026-09-29 11:13:54.525 INFO  [restartedMain] o.s.b.d.e.DevToolsPropertyDefaultsPostProcessor - For additional web related logging consider setting the 'logging.level.web' property to 'DEBUG'
2026-09-29 11:13:54.775 INFO  [background-preinit] o.h.validator.internal.util.Version - HV000001: Hibernate Validator 9.1.3.Final
2026-09-29 11:13:55.341 INFO  [restartedMain] o.s.d.r.c.RepositoryConfigurationDelegate - Bootstrapping Spring Data JPA repositories in DEFAULT mode.
2026-09-29 11:13:55.501 INFO  [restartedMain] o.s.d.r.c.RepositoryConfigurationDelegate - Finished Spring Data repository scanning in 151 ms. Found 11 JPA repository interfaces.
2026-09-29 11:13:56.253 INFO  [restartedMain] o.s.boot.tomcat.TomcatWebServer - Tomcat initialized with port 8092 (http)
2026-09-29 11:13:56.264 INFO  [restartedMain] o.a.coyote.http11.Http11NioProtocol - Initializing ProtocolHandler ["http-nio-8092"]
2026-09-29 11:13:56.267 INFO  [restartedMain] o.a.catalina.core.StandardService - Starting service [Tomcat]
2026-09-29 11:13:56.267 INFO  [restartedMain] o.a.catalina.core.StandardEngine - Starting Servlet engine: [Apache Tomcat/11.0.24]
2026-09-29 11:13:56.356 INFO  [restartedMain] o.s.b.w.c.s.WebApplicationContextInitializer - Root WebApplicationContext: initialization completed in 1830 ms
2026-09-29 11:13:56.542 INFO  [restartedMain] com.zaxxer.hikari.HikariDataSource - HikariPool-1 - Starting...
2026-09-29 11:13:57.082 INFO  [restartedMain] com.zaxxer.hikari.pool.HikariPool - HikariPool-1 - Added connection com.mysql.cj.jdbc.ConnectionImpl@3491d9ef
2026-09-29 11:13:57.085 INFO  [restartedMain] com.zaxxer.hikari.HikariDataSource - HikariPool-1 - Start completed.
2026-09-29 11:13:57.107 INFO  [restartedMain] org.hibernate.orm.jpa - HHH008540: Processing PersistenceUnitInfo [name: default]
2026-09-29 11:13:57.158 INFO  [restartedMain] org.hibernate.orm.core - HHH000001: Hibernate ORM core version 7.4.5.Final
2026-09-29 11:13:57.610 INFO  [restartedMain] o.s.o.j.p.SpringPersistenceUnitInfo - No LoadTimeWeaver setup: ignoring JPA class transformer
2026-09-29 11:13:57.734 INFO  [restartedMain] o.hibernate.orm.connections.pooling - HHH10001005: Database info:
	Database JDBC URL [jdbc:mysql://192.168.11.101:3306/Interns_db]
	Database driver: MySQL Connector/J
	Database dialect: MySQLDialect
	Database version: 8.0.40
	Default catalog/schema: Interns_db/undefined
	Autocommit mode: undefined/unknown
	Isolation level: REPEATABLE_READ [default REPEATABLE_READ]
	JDBC fetch size: none
	Pool: DataSourceConnectionProvider
	Minimum pool size: undefined/unknown
	Maximum pool size: undefined/unknown
2026-09-29 11:13:58.783 INFO  [restartedMain] org.hibernate.orm.core - HHH000489: No JTA platform available (set 'hibernate.transaction.jta.platform' to enable JTA platform integration)
2026-09-29 11:13:58.791 INFO  [restartedMain] o.s.o.j.LocalContainerEntityManagerFactoryBean - Initialized JPA EntityManagerFactory for persistence unit 'default'
2026-09-29 11:13:58.907 INFO  [restartedMain] o.s.d.j.r.q.QueryEnhancerFactories - Hibernate is in classpath; If applicable, HQL parser will be used.
2026-09-29 11:13:59.988 WARN  [restartedMain] o.s.b.j.a.JpaBaseConfiguration$JpaWebConfiguration - spring.jpa.open-in-view is enabled by default. Therefore, database queries may be performed during view rendering. Explicitly configure spring.jpa.open-in-view to disable this warning
2026-09-29 11:14:00.607 INFO  [restartedMain] o.a.coyote.http11.Http11NioProtocol - Starting ProtocolHandler ["http-nio-8092"]
2026-09-29 11:14:00.624 INFO  [restartedMain] o.s.boot.tomcat.TomcatWebServer - Tomcat started on port 8092 (http) with context path '/'
2026-09-29 11:14:00.633 INFO  [restartedMain] com.adminvisitor.VMSApplication - Started VMSApplication in 6.656 seconds (process running for 7.466)
2026-09-29 11:14:00.635 WARN  [restartedMain] o.s.c.events.SpringDocAppInitializer - SpringDoc /v3/api-docs endpoint is enabled by default. To disable it in production, set the property 'springdoc.api-docs.enabled=false'
2026-09-29 11:14:00.635 WARN  [restartedMain] o.s.c.events.SpringDocAppInitializer - SpringDoc /swagger-ui.html endpoint is enabled by default. To disable it in production, set the property 'springdoc.swagger-ui.enabled=false'
2026-09-29 11:14:44.223 INFO  [http-nio-8092-exec-1] o.a.c.c.C.[Tomcat].[localhost].[/] - Initializing Spring DispatcherServlet 'dispatcherServlet'
2026-09-29 11:14:44.223 INFO  [http-nio-8092-exec-1] o.s.web.servlet.DispatcherServlet - Initializing Servlet 'dispatcherServlet'
2026-09-29 11:14:44.228 INFO  [http-nio-8092-exec-1] o.s.web.servlet.DispatcherServlet - Completed initialization in 3 ms
2026-09-29 11:14:44.554 WARN  [http-nio-8092-exec-1] c.a.exception.GlobalExceptionHandler - Request body could not be parsed: Invalid date 'SEPTEMBER 31'
2026-09-29 11:14:44.706 WARN  [http-nio-8092-exec-1] o.s.w.s.m.m.a.ExceptionHandlerExceptionResolver - Resolved [org.springframework.http.converter.HttpMessageNotReadableException: JSON parse error: Cannot deserialize value of type `java.time.LocalDate` from String "2026-09-31": Failed to deserialize `java.time.LocalDate` (with format 'Value(Year,4,10,EXCEEDS_PAD)'-'Value(MonthOfYear,2)'-'Value(DayOfMonth,2)'): (java.time.format.DateTimeParseException) Text '2026-09-31' could not be parsed: Invalid date 'SEPTEMBER 31']
2026-09-29 11:14:55.766 DEBUG [http-nio-8092-exec-2] c.adminvisitor.service.VisitService - Starting visit registration. registrationType=PRE_REGISTRATION, visitorType=GUEST, hostId=EMP005
2026-09-29 11:14:56.110 DEBUG [http-nio-8092-exec-2] c.adminvisitor.service.VisitService - Timing: validateVisitTiming=0 ms
2026-09-29 11:14:56.183 INFO  [http-nio-8092-exec-2] c.adminvisitor.service.VisitService - Existing visitor found. visitorId=VTR-049
2026-09-29 11:14:56.307 INFO  [http-nio-8092-exec-2] c.adminvisitor.service.VisitService - Existing visitor identity verified. visitorId=VTR-049
2026-09-29 11:14:56.308 DEBUG [http-nio-8092-exec-2] c.adminvisitor.service.VisitService - Timing: findOrCreateVisitor and identity validation=197 ms
2026-09-29 11:14:56.378 DEBUG [http-nio-8092-exec-2] c.adminvisitor.service.VisitService - Timing: generateVisitId=70 ms
2026-09-29 11:14:56.499 DEBUG [http-nio-8092-exec-2] c.adminvisitor.service.VisitService - Timing: visitRepository.save=58 ms
2026-09-29 11:14:56.502 DEBUG [http-nio-8092-exec-2] c.adminvisitor.service.VisitService - Timing: sendVisitConfirmationEmail=2 ms
2026-09-29 11:14:56.503 INFO  [http-nio-8092-exec-2] c.adminvisitor.service.VisitService - Visit registered successfully. visitId=VIS-089, visitReference=VIS-20260929111456-CEBF33AE, visitorId=VTR-049, registrationType=PRE_REGISTRATION, status=REGISTERED
2026-09-29 11:14:56.631 INFO  [http-nio-8092-exec-2] c.a.config.ApiLoggingAspect - API_COMPLETED controller=VisitController method=register durationMs=891.7649
2026-09-29 11:14:57.189 DEBUG [task-1] c.adminvisitor.service.EmailService - Timing: emailTemplateProcessing=661 ms
2026-09-29 11:15:03.080 DEBUG [task-1] c.adminvisitor.service.EmailService - Timing: smtpSend=5781 ms
2026-09-29 11:29:44.740 WARN  [HikariPool-1:housekeeper] com.zaxxer.hikari.pool.PoolBase - HikariPool-1 - Failed to validate connection com.mysql.cj.jdbc.ConnectionImpl@1b147f8d (No operations allowed after connection closed.). Possibly consider using a shorter maxLifetime value.
2026-09-29 11:29:48.802 WARN  [HikariPool-1:housekeeper] com.zaxxer.hikari.pool.PoolBase - HikariPool-1 - Failed to validate connection com.mysql.cj.jdbc.ConnectionImpl@6b4e5d74 (No operations allowed after connection closed.). Possibly consider using a shorter maxLifetime value.
2026-09-29 11:29:49.862 WARN  [HikariPool-1:housekeeper] com.zaxxer.hikari.pool.PoolBase - HikariPool-1 - Failed to validate connection com.mysql.cj.jdbc.ConnectionImpl@3491d9ef (No operations allowed after connection closed.). Possibly consider using a shorter maxLifetime value.
2026-09-29 11:30:11.812 WARN  [HikariPool-1:housekeeper] com.zaxxer.hikari.pool.PoolBase - HikariPool-1 - Failed to validate connection com.mysql.cj.jdbc.ConnectionImpl@3ebb3a02 (No operations allowed after connection closed.). Possibly consider using a shorter maxLifetime value.
2026-09-29 11:30:22.648 WARN  [HikariPool-1:housekeeper] com.zaxxer.hikari.pool.PoolBase - HikariPool-1 - Failed to validate connection com.mysql.cj.jdbc.ConnectionImpl@1b7d93b6 (No operations allowed after connection closed.). Possibly consider using a shorter maxLifetime value.
2026-09-29 11:30:30.195 WARN  [HikariPool-1:housekeeper] com.zaxxer.hikari.pool.PoolBase - HikariPool-1 - Failed to validate connection com.mysql.cj.jdbc.ConnectionImpl@70e0cc12 (No operations allowed after connection closed.). Possibly consider using a shorter maxLifetime value.
2026-09-29 11:30:31.318 WARN  [HikariPool-1:housekeeper] com.zaxxer.hikari.pool.PoolBase - HikariPool-1 - Failed to validate connection com.mysql.cj.jdbc.ConnectionImpl@12698b92 (No operations allowed after connection closed.). Possibly consider using a shorter maxLifetime value.
2026-09-29 11:30:33.622 WARN  [HikariPool-1:housekeeper] com.zaxxer.hikari.pool.PoolBase - HikariPool-1 - Failed to validate connection com.mysql.cj.jdbc.ConnectionImpl@5b5b7b40 (No operations allowed after connection closed.). Possibly consider using a shorter maxLifetime value.
2026-09-29 11:30:48.051 WARN  [HikariPool-1:housekeeper] com.zaxxer.hikari.pool.PoolBase - HikariPool-1 - Failed to validate connection com.mysql.cj.jdbc.ConnectionImpl@29d143d6 (No operations allowed after connection closed.). Possibly consider using a shorter maxLifetime value.
2026-09-29 11:31:13.345 WARN  [HikariPool-1:housekeeper] com.zaxxer.hikari.pool.PoolBase - HikariPool-1 - Failed to validate connection com.mysql.cj.jdbc.ConnectionImpl@137ed690 (No operations allowed after connection closed.). Possibly consider using a shorter maxLifetime value.
2026-09-29 11:33:59.595 INFO  [http-nio-8092-exec-5] c.a.config.ApiLoggingAspect - API_COMPLETED controller=BlacklistController method=getBlacklistById durationMs=70.3299
2026-09-29 11:34:02.502 INFO  [http-nio-8092-exec-3] c.a.config.ApiLoggingAspect - API_COMPLETED controller=BlacklistController method=getAllBlacklistRecords durationMs=169.7261
2026-09-29 11:34:07.414 INFO  [http-nio-8092-exec-6] c.a.config.ApiLoggingAspect - API_COMPLETED controller=BlacklistController method=getBlacklistById durationMs=71.8096
2026-09-29 11:34:10.442 INFO  [http-nio-8092-exec-7] c.a.config.ApiLoggingAspect - API_COMPLETED controller=BlacklistController method=getAllBlacklistRecords durationMs=136.2739
2026-09-29 11:34:12.664 INFO  [http-nio-8092-exec-8] c.a.config.ApiLoggingAspect - API_COMPLETED controller=BlacklistController method=getBlacklistById durationMs=45.3066
2026-09-29 11:34:26.976 INFO  [http-nio-8092-exec-9] c.a.config.ApiLoggingAspect - API_COMPLETED controller=BlacklistController method=getAllBlacklistRecords durationMs=95.8941
2026-09-29 11:34:33.279 INFO  [http-nio-8092-exec-10] c.a.config.ApiLoggingAspect - API_COMPLETED controller=BlacklistController method=getBlacklistById durationMs=41.3954
2026-09-29 11:34:37.771 INFO  [http-nio-8092-exec-1] c.a.config.ApiLoggingAspect - API_COMPLETED controller=BlacklistController method=getAllBlacklistRecords durationMs=110.203
2026-09-29 11:34:48.415 INFO  [http-nio-8092-exec-2] c.a.config.ApiLoggingAspect - API_COMPLETED controller=EmployeeController method=getEmployees durationMs=36.3224
2026-09-29 11:34:55.496 INFO  [http-nio-8092-exec-4] c.a.config.ApiLoggingAspect - API_COMPLETED controller=DepartmentController method=getDepartments durationMs=33.2195
2026-09-29 11:39:39.491 INFO  [http-nio-8092-exec-3] c.a.config.ApiLoggingAspect - API_COMPLETED controller=EmployeeController method=getEmployees durationMs=27.7048
2026-09-29 11:39:45.618 INFO  [http-nio-8092-exec-6] c.a.config.ApiLoggingAspect - API_COMPLETED controller=VisitController method=getDashboardVisits durationMs=256.8349
2026-09-29 11:39:57.608 INFO  [http-nio-8092-exec-7] c.a.config.ApiLoggingAspect - API_COMPLETED controller=VisitController method=getDashboardVisits durationMs=224.9794
2026-09-29 11:40:25.535 INFO  [http-nio-8092-exec-8] c.a.config.ApiLoggingAspect - API_COMPLETED controller=BlacklistController method=getAllBlacklistRecords durationMs=129.6802
2026-09-29 11:40:29.676 INFO  [http-nio-8092-exec-9] c.a.config.ApiLoggingAspect - API_COMPLETED controller=BlacklistController method=getBlacklistById durationMs=40.4346
2026-09-29 11:40:35.355 INFO  [http-nio-8092-exec-10] c.a.config.ApiLoggingAspect - API_COMPLETED controller=EmployeeController method=getEmployees durationMs=38.3277
2026-09-29 11:40:39.945 INFO  [http-nio-8092-exec-1] c.a.config.ApiLoggingAspect - API_COMPLETED controller=DepartmentController method=getDepartments durationMs=38.9602
2026-09-29 11:40:46.869 INFO  [http-nio-8092-exec-2] c.a.config.ApiLoggingAspect - API_COMPLETED controller=EmployeeController method=getEmployees durationMs=39.1515
2026-09-29 11:52:20.475 INFO  [http-nio-8092-exec-5] c.a.config.ApiLoggingAspect - API_COMPLETED controller=EmployeeController method=getEmployees durationMs=34.7468
2026-09-29 11:52:24.483 INFO  [http-nio-8092-exec-3] c.a.config.ApiLoggingAspect - API_COMPLETED controller=EmployeeController method=getEmployees durationMs=38.3579
2026-09-29 11:52:40.470 INFO  [http-nio-8092-exec-6] c.a.config.ApiLoggingAspect - API_COMPLETED controller=EmployeeController method=getEmployees durationMs=32.1851
2026-09-29 12:01:18.497 INFO  [http-nio-8092-exec-8] c.a.config.ApiLoggingAspect - API_COMPLETED controller=VisitController method=getDashboardVisits durationMs=388.4166
2026-09-29 12:29:58.944 WARN  [HikariPool-1:housekeeper] com.zaxxer.hikari.pool.PoolBase - HikariPool-1 - Failed to validate connection com.mysql.cj.jdbc.ConnectionImpl@7d9761de (No operations allowed after connection closed.). Possibly consider using a shorter maxLifetime value.
2026-09-29 12:29:59.248 WARN  [HikariPool-1:housekeeper] com.zaxxer.hikari.pool.PoolBase - HikariPool-1 - Failed to validate connection com.mysql.cj.jdbc.ConnectionImpl@753cec9b (No operations allowed after connection closed.). Possibly consider using a shorter maxLifetime value.
2026-09-29 12:30:20.514 WARN  [HikariPool-1:housekeeper] com.zaxxer.hikari.pool.PoolBase - HikariPool-1 - Failed to validate connection com.mysql.cj.jdbc.ConnectionImpl@2e6c4b3 (No operations allowed after connection closed.). Possibly consider using a shorter maxLifetime value.
2026-09-29 12:30:39.509 WARN  [HikariPool-1:housekeeper] com.zaxxer.hikari.pool.PoolBase - HikariPool-1 - Failed to validate connection com.mysql.cj.jdbc.ConnectionImpl@29b11032 (No operations allowed after connection closed.). Possibly consider using a shorter maxLifetime value.
2026-09-29 12:30:40.646 WARN  [HikariPool-1:housekeeper] com.zaxxer.hikari.pool.PoolBase - HikariPool-1 - Failed to validate connection com.mysql.cj.jdbc.ConnectionImpl@5c3fd11b (No operations allowed after connection closed.). Possibly consider using a shorter maxLifetime value.
2026-09-29 12:30:45.596 WARN  [HikariPool-1:housekeeper] com.zaxxer.hikari.pool.PoolBase - HikariPool-1 - Failed to validate connection com.mysql.cj.jdbc.ConnectionImpl@541636a2 (No operations allowed after connection closed.). Possibly consider using a shorter maxLifetime value.
2026-09-29 12:30:54.370 WARN  [HikariPool-1:housekeeper] com.zaxxer.hikari.pool.PoolBase - HikariPool-1 - Failed to validate connection com.mysql.cj.jdbc.ConnectionImpl@2d558244 (No operations allowed after connection closed.). Possibly consider using a shorter maxLifetime value.
2026-09-29 12:30:58.388 WARN  [HikariPool-1:housekeeper] com.zaxxer.hikari.pool.PoolBase - HikariPool-1 - Failed to validate connection com.mysql.cj.jdbc.ConnectionImpl@48411b95 (No operations allowed after connection closed.). Possibly consider using a shorter maxLifetime value.
2026-09-29 12:31:05.543 WARN  [HikariPool-1:housekeeper] com.zaxxer.hikari.pool.PoolBase - HikariPool-1 - Failed to validate connection com.mysql.cj.jdbc.ConnectionImpl@4d316ea3 (No operations allowed after connection closed.). Possibly consider using a shorter maxLifetime value.
2026-09-29 12:31:28.182 WARN  [HikariPool-1:housekeeper] com.zaxxer.hikari.pool.PoolBase - HikariPool-1 - Failed to validate connection com.mysql.cj.jdbc.ConnectionImpl@2e881ae5 (No operations allowed after connection closed.). Possibly consider using a shorter maxLifetime value.
2026-09-29 12:41:49.876 INFO  [http-nio-8092-exec-10] c.a.config.ApiLoggingAspect - API_COMPLETED controller=VisitController method=getDashboardVisits durationMs=472.6183
2026-09-29 12:42:22.665 INFO  [http-nio-8092-exec-1] c.a.config.ApiLoggingAspect - API_COMPLETED controller=BlacklistController method=getAllBlacklistRecords durationMs=136.3338
2026-09-29 12:42:24.105 INFO  [http-nio-8092-exec-2] c.a.config.ApiLoggingAspect - API_COMPLETED controller=VisitController method=getDashboardVisits durationMs=281.9398
2026-09-29 12:42:48.895 INFO  [http-nio-8092-exec-4] c.a.config.ApiLoggingAspect - API_COMPLETED controller=VisitController method=getDashboardVisits durationMs=267.2086
2026-09-29 12:43:12.506 INFO  [http-nio-8092-exec-5] c.a.config.ApiLoggingAspect - API_COMPLETED controller=VisitController method=getDashboardVisits durationMs=283.0001
2026-09-29 12:43:37.903 INFO  [http-nio-8092-exec-3] c.a.config.ApiLoggingAspect - API_COMPLETED controller=VisitController method=getDashboardVisits durationMs=283.6462
2026-09-29 12:54:51.793 INFO  [http-nio-8092-exec-7] c.a.config.ApiLoggingAspect - API_COMPLETED controller=EmployeeController method=getEmployees durationMs=50.0886
2026-09-29 13:25:01.082 INFO  [http-nio-8092-exec-9] c.a.config.ApiLoggingAspect - API_COMPLETED controller=EmployeeController method=getEmployees durationMs=73.6301
2026-09-29 13:25:03.753 INFO  [http-nio-8092-exec-10] c.a.config.ApiLoggingAspect - API_COMPLETED controller=VisitController method=getDashboardVisits durationMs=280.2683
2026-09-29 13:25:07.034 INFO  [http-nio-8092-exec-1] c.a.config.ApiLoggingAspect - API_COMPLETED controller=VisitController method=getDashboardVisits durationMs=316.721
2026-09-29 13:25:30.251 INFO  [http-nio-8092-exec-2] c.a.config.ApiLoggingAspect - API_COMPLETED controller=VisitController method=getDashboardVisits durationMs=249.5447
2026-09-29 13:25:31.771 INFO  [http-nio-8092-exec-4] c.a.config.ApiLoggingAspect - API_COMPLETED controller=VisitController method=getDashboardVisits durationMs=238.1829
2026-09-29 13:30:00.568 WARN  [HikariPool-1:housekeeper] com.zaxxer.hikari.pool.PoolBase - HikariPool-1 - Failed to validate connection com.mysql.cj.jdbc.ConnectionImpl@188957b8 (No operations allowed after connection closed.). Possibly consider using a shorter maxLifetime value.
2026-09-29 13:30:07.669 WARN  [HikariPool-1:housekeeper] com.zaxxer.hikari.pool.PoolBase - HikariPool-1 - Failed to validate connection com.mysql.cj.jdbc.ConnectionImpl@7a0d161e (No operations allowed after connection closed.). Possibly consider using a shorter maxLifetime value.
2026-09-29 13:30:13.358 WARN  [HikariPool-1:housekeeper] com.zaxxer.hikari.pool.PoolBase - HikariPool-1 - Failed to validate connection com.mysql.cj.jdbc.ConnectionImpl@50822d5a (No operations allowed after connection closed.). Possibly consider using a shorter maxLifetime value.
2026-09-29 13:30:22.934 WARN  [HikariPool-1:housekeeper] com.zaxxer.hikari.pool.PoolBase - HikariPool-1 - Failed to validate connection com.mysql.cj.jdbc.ConnectionImpl@1e22e0d6 (No operations allowed after connection closed.). Possibly consider using a shorter maxLifetime value.
2026-09-29 13:30:29.725 WARN  [HikariPool-1:housekeeper] com.zaxxer.hikari.pool.PoolBase - HikariPool-1 - Failed to validate connection com.mysql.cj.jdbc.ConnectionImpl@460f9c74 (No operations allowed after connection closed.). Possibly consider using a shorter maxLifetime value.
2026-09-29 13:30:31.221 WARN  [HikariPool-1:housekeeper] com.zaxxer.hikari.pool.PoolBase - HikariPool-1 - Failed to validate connection com.mysql.cj.jdbc.ConnectionImpl@6b1a3b5c (No operations allowed after connection closed.). Possibly consider using a shorter maxLifetime value.
2026-09-29 13:30:46.087 WARN  [HikariPool-1:housekeeper] com.zaxxer.hikari.pool.PoolBase - HikariPool-1 - Failed to validate connection com.mysql.cj.jdbc.ConnectionImpl@937b705 (No operations allowed after connection closed.). Possibly consider using a shorter maxLifetime value.
2026-09-29 13:30:55.521 WARN  [HikariPool-1:housekeeper] com.zaxxer.hikari.pool.PoolBase - HikariPool-1 - Failed to validate connection com.mysql.cj.jdbc.ConnectionImpl@2afe2717 (No operations allowed after connection closed.). Possibly consider using a shorter maxLifetime value.
2026-09-29 13:30:57.899 WARN  [HikariPool-1:housekeeper] com.zaxxer.hikari.pool.PoolBase - HikariPool-1 - Failed to validate connection com.mysql.cj.jdbc.ConnectionImpl@742fd439 (No operations allowed after connection closed.). Possibly consider using a shorter maxLifetime value.
2026-09-29 13:31:10.750 WARN  [HikariPool-1:housekeeper] com.zaxxer.hikari.pool.PoolBase - HikariPool-1 - Failed to validate connection com.mysql.cj.jdbc.ConnectionImpl@18d667a2 (No operations allowed after connection closed.). Possibly consider using a shorter maxLifetime value.
2026-09-29 13:35:25.878 INFO  [http-nio-8092-exec-3] c.a.config.ApiLoggingAspect - API_COMPLETED controller=EmployeeController method=getEmployees durationMs=47.6802
2026-09-29 13:35:27.362 INFO  [http-nio-8092-exec-6] c.a.config.ApiLoggingAspect - API_COMPLETED controller=VisitController method=getDashboardVisits durationMs=292.3938
2026-09-29 13:35:29.418 INFO  [http-nio-8092-exec-7] c.a.config.ApiLoggingAspect - API_COMPLETED controller=VisitController method=getDashboardVisits durationMs=313.3068
2026-09-29 13:35:30.785 INFO  [http-nio-8092-exec-8] c.a.config.ApiLoggingAspect - API_COMPLETED controller=BlacklistController method=getAllBlacklistRecords durationMs=151.6194
2026-09-29 13:35:38.196 INFO  [http-nio-8092-exec-9] c.a.config.ApiLoggingAspect - API_COMPLETED controller=EmployeeController method=getEmployees durationMs=45.0039
2026-09-29 13:35:41.557 INFO  [http-nio-8092-exec-10] c.a.config.ApiLoggingAspect - API_COMPLETED controller=DepartmentController method=getDepartments durationMs=54.1828
2026-09-29 13:35:47.190 INFO  [http-nio-8092-exec-1] c.a.config.ApiLoggingAspect - API_COMPLETED controller=EmployeeController method=getEmployees durationMs=116.4851
2026-09-29 13:35:58.321 INFO  [http-nio-8092-exec-2] c.a.config.ApiLoggingAspect - API_COMPLETED controller=DepartmentController method=getDepartments durationMs=61.3971
2026-09-29 13:36:00.179 INFO  [http-nio-8092-exec-4] c.a.config.ApiLoggingAspect - API_COMPLETED controller=BlacklistController method=getAllBlacklistRecords durationMs=118.0263
2026-09-29 13:36:02.275 INFO  [http-nio-8092-exec-5] c.a.config.ApiLoggingAspect - API_COMPLETED controller=VisitController method=getDashboardVisits durationMs=346.5326
2026-09-29 13:42:13.808 INFO  [http-nio-8092-exec-6] c.a.config.ApiLoggingAspect - API_COMPLETED controller=VisitController method=getDashboardVisits durationMs=251.4404
2026-09-29 13:42:23.683 INFO  [http-nio-8092-exec-7] c.a.config.ApiLoggingAspect - API_COMPLETED controller=VisitController method=getDashboardVisits durationMs=244.088
2026-09-29 13:42:26.556 INFO  [http-nio-8092-exec-8] c.a.config.ApiLoggingAspect - API_COMPLETED controller=VisitController method=getDashboardVisits durationMs=238.6141
2026-09-29 13:42:28.598 INFO  [http-nio-8092-exec-9] c.a.config.ApiLoggingAspect - API_COMPLETED controller=BlacklistController method=getAllBlacklistRecords durationMs=112.6499
2026-09-29 13:42:30.984 INFO  [http-nio-8092-exec-10] c.a.config.ApiLoggingAspect - API_COMPLETED controller=EmployeeController method=getEmployees durationMs=43.2565
2026-09-29 13:42:36.585 INFO  [http-nio-8092-exec-1] c.a.config.ApiLoggingAspect - API_COMPLETED controller=VisitController method=getDashboardVisits durationMs=236.4149
2026-09-29 13:42:37.731 INFO  [http-nio-8092-exec-2] c.a.config.ApiLoggingAspect - API_COMPLETED controller=VisitController method=getDashboardVisits durationMs=247.998
2026-09-29 13:42:39.180 INFO  [http-nio-8092-exec-4] c.a.config.ApiLoggingAspect - API_COMPLETED controller=BlacklistController method=getAllBlacklistRecords durationMs=121.0868
2026-09-29 14:29:49.836 WARN  [HikariPool-1:housekeeper] com.zaxxer.hikari.pool.PoolBase - HikariPool-1 - Failed to validate connection com.mysql.cj.jdbc.ConnectionImpl@688d1eb6 (No operations allowed after connection closed.). Possibly consider using a shorter maxLifetime value.
2026-09-29 14:29:54.689 WARN  [HikariPool-1:housekeeper] com.zaxxer.hikari.pool.PoolBase - HikariPool-1 - Failed to validate connection com.mysql.cj.jdbc.ConnectionImpl@652a69fe (No operations allowed after connection closed.). Possibly consider using a shorter maxLifetime value.
2026-09-29 14:30:25.966 WARN  [HikariPool-1:housekeeper] com.zaxxer.hikari.pool.PoolBase - HikariPool-1 - Failed to validate connection com.mysql.cj.jdbc.ConnectionImpl@3a64f79b (No operations allowed after connection closed.). Possibly consider using a shorter maxLifetime value.
2026-09-29 14:30:31.612 WARN  [HikariPool-1:housekeeper] com.zaxxer.hikari.pool.PoolBase - HikariPool-1 - Failed to validate connection com.mysql.cj.jdbc.ConnectionImpl@75dd5afe (No operations allowed after connection closed.). Possibly consider using a shorter maxLifetime value.
2026-09-29 14:30:33.044 WARN  [HikariPool-1:housekeeper] com.zaxxer.hikari.pool.PoolBase - HikariPool-1 - Failed to validate connection com.mysql.cj.jdbc.ConnectionImpl@413242b7 (No operations allowed after connection closed.). Possibly consider using a shorter maxLifetime value.
2026-09-29 14:30:34.650 WARN  [HikariPool-1:housekeeper] com.zaxxer.hikari.pool.PoolBase - HikariPool-1 - Failed to validate connection com.mysql.cj.jdbc.ConnectionImpl@730dddcb (No operations allowed after connection closed.). Possibly consider using a shorter maxLifetime value.
2026-09-29 14:30:36.215 WARN  [HikariPool-1:housekeeper] com.zaxxer.hikari.pool.PoolBase - HikariPool-1 - Failed to validate connection com.mysql.cj.jdbc.ConnectionImpl@79e441f9 (No operations allowed after connection closed.). Possibly consider using a shorter maxLifetime value.
2026-09-29 14:30:45.235 WARN  [HikariPool-1:housekeeper] com.zaxxer.hikari.pool.PoolBase - HikariPool-1 - Failed to validate connection com.mysql.cj.jdbc.ConnectionImpl@50a0892 (No operations allowed after connection closed.). Possibly consider using a shorter maxLifetime value.
2026-09-29 14:30:57.269 WARN  [HikariPool-1:housekeeper] com.zaxxer.hikari.pool.PoolBase - HikariPool-1 - Failed to validate connection com.mysql.cj.jdbc.ConnectionImpl@4b6a6045 (No operations allowed after connection closed.). Possibly consider using a shorter maxLifetime value.
2026-09-29 14:31:25.487 WARN  [HikariPool-1:housekeeper] com.zaxxer.hikari.pool.PoolBase - HikariPool-1 - Failed to validate connection com.mysql.cj.jdbc.ConnectionImpl@46a1a62d (No operations allowed after connection closed.). Possibly consider using a shorter maxLifetime value.
2026-09-29 15:04:22.323 INFO  [http-nio-8092-exec-3] c.a.config.ApiLoggingAspect - API_COMPLETED controller=BlacklistController method=getAllBlacklistRecords durationMs=157.7012
2026-09-29 15:04:32.951 INFO  [http-nio-8092-exec-6] c.a.config.ApiLoggingAspect - API_COMPLETED controller=VisitController method=getDashboardVisits durationMs=267.561
2026-09-29 15:04:38.355 INFO  [http-nio-8092-exec-7] c.a.config.ApiLoggingAspect - API_COMPLETED controller=VisitController method=getDashboardVisits durationMs=309.7261
2026-09-29 15:05:10.715 INFO  [http-nio-8092-exec-8] c.a.config.ApiLoggingAspect - API_COMPLETED controller=EmployeeController method=getEmployees durationMs=82.5121
2026-09-29 15:05:14.724 INFO  [http-nio-8092-exec-9] c.a.config.ApiLoggingAspect - API_COMPLETED controller=BlacklistController method=getAllBlacklistRecords durationMs=143.4116
2026-09-29 15:05:45.497 INFO  [http-nio-8092-exec-10] c.a.config.ApiLoggingAspect - API_COMPLETED controller=VisitController method=getDashboardVisits durationMs=438.3739
2026-09-29 15:05:48.444 INFO  [http-nio-8092-exec-1] c.a.config.ApiLoggingAspect - API_COMPLETED controller=VisitController method=getDashboardVisits durationMs=352.8654
2026-09-29 15:05:57.589 INFO  [http-nio-8092-exec-2] c.a.config.ApiLoggingAspect - API_COMPLETED controller=VisitController method=getDashboardVisits durationMs=278.6202
2026-09-29 15:06:00.489 INFO  [http-nio-8092-exec-5] c.a.config.ApiLoggingAspect - API_COMPLETED controller=VisitController method=getDashboardVisits durationMs=271.825
2026-09-29 15:24:49.240 INFO  [http-nio-8092-exec-6] c.a.config.ApiLoggingAspect - API_COMPLETED controller=VisitController method=getDashboardVisits durationMs=200.3493
2026-09-29 15:24:51.505 INFO  [http-nio-8092-exec-7] c.a.config.ApiLoggingAspect - API_COMPLETED controller=VisitController method=getDashboardVisits durationMs=254.9786
2026-09-29 15:25:05.673 INFO  [http-nio-8092-exec-8] c.a.service.VisitorService - Fetching all visitors
2026-09-29 15:25:06.031 INFO  [http-nio-8092-exec-8] c.a.config.ApiLoggingAspect - API_COMPLETED controller=VisitorController method=getAllVisitors durationMs=378.4831
2026-09-29 15:29:41.771 WARN  [http-nio-8092-exec-10] com.zaxxer.hikari.pool.PoolBase - HikariPool-1 - Failed to validate connection com.mysql.cj.jdbc.ConnectionImpl@40f51236 (No operations allowed after connection closed.). Possibly consider using a shorter maxLifetime value.
2026-09-29 15:29:41.778 WARN  [http-nio-8092-exec-10] com.zaxxer.hikari.pool.PoolBase - HikariPool-1 - Failed to validate connection com.mysql.cj.jdbc.ConnectionImpl@1effbdc9 (No operations allowed after connection closed.). Possibly consider using a shorter maxLifetime value.
2026-09-29 15:29:41.781 WARN  [http-nio-8092-exec-10] com.zaxxer.hikari.pool.PoolBase - HikariPool-1 - Failed to validate connection com.mysql.cj.jdbc.ConnectionImpl@b92abb3 (No operations allowed after connection closed.). Possibly consider using a shorter maxLifetime value.
2026-09-29 15:29:41.787 WARN  [http-nio-8092-exec-10] com.zaxxer.hikari.pool.PoolBase - HikariPool-1 - Failed to validate connection com.mysql.cj.jdbc.ConnectionImpl@6519c869 (No operations allowed after connection closed.). Possibly consider using a shorter maxLifetime value.
2026-09-29 15:29:41.791 WARN  [http-nio-8092-exec-10] com.zaxxer.hikari.pool.PoolBase - HikariPool-1 - Failed to validate connection com.mysql.cj.jdbc.ConnectionImpl@161266a8 (No operations allowed after connection closed.). Possibly consider using a shorter maxLifetime value.
2026-09-29 15:29:41.794 WARN  [http-nio-8092-exec-10] com.zaxxer.hikari.pool.PoolBase - HikariPool-1 - Failed to validate connection com.mysql.cj.jdbc.ConnectionImpl@6233d4cf (No operations allowed after connection closed.). Possibly consider using a shorter maxLifetime value.
2026-09-29 15:29:41.799 WARN  [http-nio-8092-exec-10] com.zaxxer.hikari.pool.PoolBase - HikariPool-1 - Failed to validate connection com.mysql.cj.jdbc.ConnectionImpl@739fd6eb (No operations allowed after connection closed.). Possibly consider using a shorter maxLifetime value.
2026-09-29 15:29:41.802 WARN  [http-nio-8092-exec-10] com.zaxxer.hikari.pool.PoolBase - HikariPool-1 - Failed to validate connection com.mysql.cj.jdbc.ConnectionImpl@565569c5 (No operations allowed after connection closed.). Possibly consider using a shorter maxLifetime value.
2026-09-29 15:29:41.806 WARN  [http-nio-8092-exec-10] com.zaxxer.hikari.pool.PoolBase - HikariPool-1 - Failed to validate connection com.mysql.cj.jdbc.ConnectionImpl@439865d6 (No operations allowed after connection closed.). Possibly consider using a shorter maxLifetime value.
2026-09-29 15:29:41.808 WARN  [http-nio-8092-exec-10] com.zaxxer.hikari.pool.PoolBase - HikariPool-1 - Failed to validate connection com.mysql.cj.jdbc.ConnectionImpl@76256875 (No operations allowed after connection closed.). Possibly consider using a shorter maxLifetime value.
2026-09-29 15:29:41.939 INFO  [http-nio-8092-exec-10] c.a.config.ApiLoggingAspect - API_COMPLETED controller=DepartmentController method=getDepartments durationMs=175.7679
2026-09-29 15:29:42.946 INFO  [http-nio-8092-exec-1] c.a.config.ApiLoggingAspect - API_COMPLETED controller=EmployeeController method=getEmployees durationMs=35.7234
2026-09-29 15:29:44.489 INFO  [http-nio-8092-exec-2] c.a.config.ApiLoggingAspect - API_COMPLETED controller=BlacklistController method=getAllBlacklistRecords durationMs=114.2633
2026-09-29 15:29:45.342 INFO  [http-nio-8092-exec-4] c.a.service.VisitorService - Fetching all visitors
2026-09-29 15:29:45.644 INFO  [http-nio-8092-exec-4] c.a.config.ApiLoggingAspect - API_COMPLETED controller=VisitorController method=getAllVisitors durationMs=320.201
2026-09-29 15:29:47.013 INFO  [http-nio-8092-exec-5] c.a.config.ApiLoggingAspect - API_COMPLETED controller=VisitController method=getDashboardVisits durationMs=245.8607
2026-09-29 15:34:14.744 INFO  [http-nio-8092-exec-6] c.a.config.ApiLoggingAspect - API_COMPLETED controller=EmployeeController method=getEmployees durationMs=53.8434
2026-09-29 15:34:16.936 INFO  [http-nio-8092-exec-7] c.a.config.ApiLoggingAspect - API_COMPLETED controller=VisitController method=getDashboardVisits durationMs=522.1908
2026-09-29 15:51:05.844 INFO  [http-nio-8092-exec-9] c.a.config.ApiLoggingAspect - API_COMPLETED controller=VisitController method=getDashboardVisits durationMs=251.2861
2026-09-29 15:51:17.225 INFO  [http-nio-8092-exec-10] c.a.config.ApiLoggingAspect - API_COMPLETED controller=EmployeeController method=getEmployees durationMs=30.1296
2026-09-29 15:51:19.245 INFO  [http-nio-8092-exec-1] c.a.config.ApiLoggingAspect - API_COMPLETED controller=VisitController method=getDashboardVisits durationMs=244.0672
2026-09-29 15:51:26.956 INFO  [http-nio-8092-exec-2] c.a.service.VisitorService - Fetching all visitors
2026-09-29 15:51:27.216 INFO  [http-nio-8092-exec-2] c.a.config.ApiLoggingAspect - API_COMPLETED controller=VisitorController method=getAllVisitors durationMs=273.2572
2026-09-29 15:51:30.941 INFO  [http-nio-8092-exec-4] c.a.config.ApiLoggingAspect - API_COMPLETED controller=BlacklistController method=getAllBlacklistRecords durationMs=112.2718
2026-09-29 15:51:35.064 INFO  [http-nio-8092-exec-5] c.a.config.ApiLoggingAspect - API_COMPLETED controller=EmployeeController method=getEmployees durationMs=38.3699
2026-09-29 15:51:37.140 INFO  [http-nio-8092-exec-3] c.a.config.ApiLoggingAspect - API_COMPLETED controller=DepartmentController method=getDepartments durationMs=36.8955
2026-09-29 15:54:25.743 INFO  [http-nio-8092-exec-7] c.a.config.ApiLoggingAspect - API_COMPLETED controller=DepartmentController method=getDepartments durationMs=76.7011
2026-09-29 15:54:32.674 INFO  [http-nio-8092-exec-8] c.a.config.ApiLoggingAspect - API_COMPLETED controller=DepartmentController method=getDepartments durationMs=36.1534
2026-09-29 15:54:43.331 INFO  [http-nio-8092-exec-9] c.a.config.ApiLoggingAspect - API_COMPLETED controller=DepartmentController method=getDepartments durationMs=63.1772
2026-09-29 15:55:14.618 INFO  [http-nio-8092-exec-10] c.a.config.ApiLoggingAspect - API_COMPLETED controller=DepartmentController method=getDepartments durationMs=33.8374
2026-09-29 15:56:37.445 INFO  [http-nio-8092-exec-2] c.a.config.ApiLoggingAspect - API_COMPLETED controller=DepartmentController method=getDepartments durationMs=31.435
2026-09-29 16:10:01.897 DEBUG [http-nio-8092-exec-5] c.adminvisitor.service.VisitService - Starting visit registration. registrationType=PRE_REGISTRATION, visitorType=GUEST, hostId=EMP006
2026-09-29 16:10:01.959 WARN  [http-nio-8092-exec-5] c.a.config.ApiLoggingAspect - API_FAILED controller=VisitController method=register durationMs=74.7178 exception=IllegalArgumentException
2026-09-29 16:10:01.966 WARN  [http-nio-8092-exec-5] c.a.exception.GlobalExceptionHandler - Invalid request value: Aadhaar must contain exactly 12 digits
2026-09-29 16:10:01.970 WARN  [http-nio-8092-exec-5] o.s.w.s.m.m.a.ExceptionHandlerExceptionResolver - Resolved [java.lang.IllegalArgumentException: Aadhaar must contain exactly 12 digits]
2026-09-29 16:10:10.332 DEBUG [http-nio-8092-exec-3] c.adminvisitor.service.VisitService - Starting visit registration. registrationType=PRE_REGISTRATION, visitorType=GUEST, hostId=EMP006
2026-09-29 16:10:10.343 WARN  [http-nio-8092-exec-3] c.a.config.ApiLoggingAspect - API_FAILED controller=VisitController method=register durationMs=22.0166 exception=IllegalArgumentException
2026-09-29 16:10:10.350 WARN  [http-nio-8092-exec-3] c.a.exception.GlobalExceptionHandler - Invalid request value: Aadhaar must contain exactly 12 digits
2026-09-29 16:10:10.353 WARN  [http-nio-8092-exec-3] o.s.w.s.m.m.a.ExceptionHandlerExceptionResolver - Resolved [java.lang.IllegalArgumentException: Aadhaar must contain exactly 12 digits]
2026-09-29 16:10:18.848 DEBUG [http-nio-8092-exec-6] c.adminvisitor.service.VisitService - Starting visit registration. registrationType=PRE_REGISTRATION, visitorType=GUEST, hostId=EMP006
2026-09-29 16:10:18.861 WARN  [http-nio-8092-exec-6] c.a.config.ApiLoggingAspect - API_FAILED controller=VisitController method=register durationMs=23.1798 exception=IllegalArgumentException
2026-09-29 16:10:18.867 WARN  [http-nio-8092-exec-6] c.a.exception.GlobalExceptionHandler - Invalid request value: Aadhaar must contain exactly 12 digits
2026-09-29 16:10:18.871 WARN  [http-nio-8092-exec-6] o.s.w.s.m.m.a.ExceptionHandlerExceptionResolver - Resolved [java.lang.IllegalArgumentException: Aadhaar must contain exactly 12 digits]
2026-09-29 16:10:29.360 DEBUG [http-nio-8092-exec-7] c.adminvisitor.service.VisitService - Starting visit registration. registrationType=PRE_REGISTRATION, visitorType=GUEST, hostId=EMP006
2026-09-29 16:10:29.374 DEBUG [http-nio-8092-exec-7] c.adminvisitor.service.VisitService - Timing: validateVisitTiming=0 ms
2026-09-29 16:10:29.447 INFO  [http-nio-8092-exec-7] c.adminvisitor.service.VisitService - New visitor profile created. visitorId=VTR-050
2026-09-29 16:10:29.640 DEBUG [http-nio-8092-exec-7] c.adminvisitor.service.VisitService - Timing: findOrCreateVisitor and identity validation=266 ms
2026-09-29 16:10:29.730 DEBUG [http-nio-8092-exec-7] c.adminvisitor.service.VisitService - Timing: generateVisitId=90 ms
2026-09-29 16:10:29.764 DEBUG [http-nio-8092-exec-7] c.adminvisitor.service.VisitService - Timing: visitRepository.save=8 ms
2026-09-29 16:10:29.765 DEBUG [http-nio-8092-exec-7] c.adminvisitor.service.VisitService - Timing: sendVisitConfirmationEmail=1 ms
2026-09-29 16:10:29.765 INFO  [http-nio-8092-exec-7] c.adminvisitor.service.VisitService - Visit registered successfully. visitId=VIS-090, visitReference=VIS-20260929161029-92E128C6, visitorId=VTR-050, registrationType=PRE_REGISTRATION, status=REGISTERED
2026-09-29 16:10:29.821 DEBUG [task-2] c.adminvisitor.service.EmailService - Timing: emailTemplateProcessing=55 ms
2026-09-29 16:10:29.885 INFO  [http-nio-8092-exec-7] c.a.config.ApiLoggingAspect - API_COMPLETED controller=VisitController method=register durationMs=533.5204
2026-09-29 16:10:37.263 DEBUG [task-2] c.adminvisitor.service.EmailService - Timing: smtpSend=7419 ms
2026-09-29 16:13:24.729 WARN  [http-nio-8092-exec-9] c.a.exception.GlobalExceptionHandler - Request body could not be parsed: Unexpected end-of-input: expected close marker for Object (start marker at [Source: REDACTED (`StreamReadFeature.INCLUDE_SOURCE_IN_LOCATION` disabled); byte offset: #UNKNOWN])
 at [Source: REDACTED (`StreamReadFeature.INCLUDE_SOURCE_IN_LOCATION` disabled); byte offset: #63]
2026-09-29 16:13:24.731 WARN  [http-nio-8092-exec-9] o.s.w.s.m.m.a.ExceptionHandlerExceptionResolver - Resolved [org.springframework.http.converter.HttpMessageNotReadableException: JSON parse error: Unexpected end-of-input: expected close marker for Object (start marker at [Source: REDACTED (`StreamReadFeature.INCLUDE_SOURCE_IN_LOCATION` disabled); byte offset: #UNKNOWN])]
2026-09-29 16:13:42.343 INFO  [http-nio-8092-exec-10] c.adminvisitor.service.VisitService - QR code generated successfully. visitId=VIS-090, qrLength=628
2026-09-29 16:13:42.355 INFO  [http-nio-8092-exec-10] c.adminvisitor.service.VisitService - Visitor badge created successfully. visitId=VIS-090, badgeId=VB-029
2026-09-29 16:13:42.359 INFO  [http-nio-8092-exec-10] c.adminvisitor.service.VisitService - Visitor checked in successfully. visitId=VIS-090, visitReference=VIS-20260929161029-92E128C6, visitorId=VTR-050, checkedInAt=2026-09-29T16:13:41.534088
2026-09-29 16:13:42.569 INFO  [http-nio-8092-exec-10] c.a.config.ApiLoggingAspect - API_COMPLETED controller=VisitController method=checkIn durationMs=1208.5825
2026-09-29 16:13:48.181 INFO  [task-4] c.adminvisitor.service.EmailService - Host check-in notification sent successfully. visitReference=VIS-20260929161029-92E128C6, hostEmail=anjali.mehta@company.com
2026-09-29 16:13:49.309 INFO  [task-3] c.adminvisitor.service.EmailService - Visitor badge email sent successfully. visitReference=VIS-20260929161029-92E128C6, recipient=angel@example.com
2026-09-29 16:15:07.675 INFO  [http-nio-8092-exec-2] c.a.config.ApiLoggingAspect - API_COMPLETED controller=DepartmentController method=getDepartments durationMs=81.6848
2026-09-29 16:18:57.040 INFO  [http-nio-8092-exec-5] c.a.config.ApiLoggingAspect - API_COMPLETED controller=EmployeeController method=getEmployees durationMs=36.6765
2026-09-29 16:18:58.563 INFO  [http-nio-8092-exec-3] c.a.config.ApiLoggingAspect - API_COMPLETED controller=VisitController method=getDashboardVisits durationMs=238.97
2026-09-29 16:27:40.456 INFO  [http-nio-8092-exec-7] c.a.config.ApiLoggingAspect - API_COMPLETED controller=VisitController method=getDashboardVisits durationMs=334.677
2026-09-29 16:27:59.331 INFO  [http-nio-8092-exec-8] c.a.config.ApiLoggingAspect - API_COMPLETED controller=VisitController method=getDashboardVisits durationMs=280.0006
2026-09-29 16:28:20.684 INFO  [http-nio-8092-exec-9] c.a.config.ApiLoggingAspect - API_COMPLETED controller=VisitController method=getDashboardVisits durationMs=242.4403
2026-09-29 16:29:17.572 INFO  [http-nio-8092-exec-10] c.a.config.ApiLoggingAspect - API_COMPLETED controller=VisitController method=getDashboardVisits durationMs=268.8646
2026-09-29 16:30:01.463 WARN  [HikariPool-1:housekeeper] com.zaxxer.hikari.pool.PoolBase - HikariPool-1 - Failed to validate connection com.mysql.cj.jdbc.ConnectionImpl@4df89ca9 (No operations allowed after connection closed.). Possibly consider using a shorter maxLifetime value.
2026-09-29 16:30:04.826 WARN  [HikariPool-1:housekeeper] com.zaxxer.hikari.pool.PoolBase - HikariPool-1 - Failed to validate connection com.mysql.cj.jdbc.ConnectionImpl@434d9ec1 (No operations allowed after connection closed.). Possibly consider using a shorter maxLifetime value.
2026-09-29 16:30:11.575 WARN  [HikariPool-1:housekeeper] com.zaxxer.hikari.pool.PoolBase - HikariPool-1 - Failed to validate connection com.mysql.cj.jdbc.ConnectionImpl@d60aaec (No operations allowed after connection closed.). Possibly consider using a shorter maxLifetime value.
2026-09-29 16:30:12.937 WARN  [HikariPool-1:housekeeper] com.zaxxer.hikari.pool.PoolBase - HikariPool-1 - Failed to validate connection com.mysql.cj.jdbc.ConnectionImpl@6bae30fd (No operations allowed after connection closed.). Possibly consider using a shorter maxLifetime value.
2026-09-29 16:30:27.416 WARN  [HikariPool-1:housekeeper] com.zaxxer.hikari.pool.PoolBase - HikariPool-1 - Failed to validate connection com.mysql.cj.jdbc.ConnectionImpl@4de10a3e (No operations allowed after connection closed.). Possibly consider using a shorter maxLifetime value.
2026-09-29 16:30:43.791 WARN  [HikariPool-1:housekeeper] com.zaxxer.hikari.pool.PoolBase - HikariPool-1 - Failed to validate connection com.mysql.cj.jdbc.ConnectionImpl@1a6fbc5c (No operations allowed after connection closed.). Possibly consider using a shorter maxLifetime value.
2026-09-29 16:30:50.751 WARN  [HikariPool-1:housekeeper] com.zaxxer.hikari.pool.PoolBase - HikariPool-1 - Failed to validate connection com.mysql.cj.jdbc.ConnectionImpl@5a485e66 (No operations allowed after connection closed.). Possibly consider using a shorter maxLifetime value.
2026-09-29 16:30:53.259 WARN  [HikariPool-1:housekeeper] com.zaxxer.hikari.pool.PoolBase - HikariPool-1 - Failed to validate connection com.mysql.cj.jdbc.ConnectionImpl@6bab4715 (No operations allowed after connection closed.). Possibly consider using a shorter maxLifetime value.
2026-09-29 16:31:04.956 WARN  [HikariPool-1:housekeeper] com.zaxxer.hikari.pool.PoolBase - HikariPool-1 - Failed to validate connection com.mysql.cj.jdbc.ConnectionImpl@5a226eda (No operations allowed after connection closed.). Possibly consider using a shorter maxLifetime value.
2026-09-29 16:31:09.797 WARN  [HikariPool-1:housekeeper] com.zaxxer.hikari.pool.PoolBase - HikariPool-1 - Failed to validate connection com.mysql.cj.jdbc.ConnectionImpl@1e481f86 (No operations allowed after connection closed.). Possibly consider using a shorter maxLifetime value.
2026-09-29 16:31:40.746 INFO  [http-nio-8092-exec-2] c.a.config.ApiLoggingAspect - API_COMPLETED controller=VisitController method=getDashboardVisits durationMs=287.3928
2026-09-29 17:01:03.034 INFO  [http-nio-8092-exec-5] c.a.config.ApiLoggingAspect - API_COMPLETED controller=EmployeeController method=getEmployees durationMs=51.6604
2026-09-29 17:01:04.696 INFO  [http-nio-8092-exec-3] c.a.config.ApiLoggingAspect - API_COMPLETED controller=DepartmentController method=getDepartments durationMs=39.131
2026-09-29 17:01:09.460 INFO  [http-nio-8092-exec-6] c.a.config.ApiLoggingAspect - API_COMPLETED controller=EmployeeController method=getEmployees durationMs=34.7635
2026-09-29 17:01:11.097 INFO  [http-nio-8092-exec-7] c.a.config.ApiLoggingAspect - API_COMPLETED controller=VisitController method=getDashboardVisits durationMs=274.3292
2026-09-29 17:01:13.115 INFO  [http-nio-8092-exec-8] c.a.config.ApiLoggingAspect - API_COMPLETED controller=EmployeeController method=getEmployees durationMs=45.7901
2026-09-29 17:01:14.581 INFO  [http-nio-8092-exec-9] c.a.config.ApiLoggingAspect - API_COMPLETED controller=VisitController method=getDashboardVisits durationMs=248.2397
2026-09-29 17:02:31.351 INFO  [http-nio-8092-exec-1] c.a.config.ApiLoggingAspect - API_COMPLETED controller=BlacklistController method=addExistingVisitorToBlacklist durationMs=463.794
2026-09-29 17:03:11.601 INFO  [http-nio-8092-exec-8] c.a.config.ApiLoggingAspect - API_COMPLETED controller=SwaggerConfigResource method=openapiJson durationMs=1.4826
2026-09-29 17:03:15.078 INFO  [http-nio-8092-exec-10] o.s.api.AbstractOpenApiResource - Init duration for springdoc-openapi is: 3408 ms
2026-09-29 17:03:15.216 INFO  [http-nio-8092-exec-10] c.a.config.ApiLoggingAspect - API_COMPLETED controller=OpenApiWebMvcResource method=openapiJson durationMs=3546.8196
2026-09-29 17:03:27.681 INFO  [http-nio-8092-exec-1] c.a.config.ApiLoggingAspect - API_COMPLETED controller=BlacklistController method=getAllBlacklistRecords durationMs=121.5691
2026-09-29 17:09:24.406 INFO  [http-nio-8092-exec-4] c.a.service.VisitorService - Fetching all visitors
2026-09-29 17:09:24.655 INFO  [http-nio-8092-exec-4] c.a.config.ApiLoggingAspect - API_COMPLETED controller=VisitorController method=getAllVisitors durationMs=269.4516
2026-09-29 17:09:34.657 INFO  [http-nio-8092-exec-9] c.a.config.ApiLoggingAspect - API_COMPLETED controller=BlacklistController method=getAllBlacklistRecords durationMs=115.4318
2026-09-29 17:19:31.365 INFO  [http-nio-8092-exec-10] c.a.config.ApiLoggingAspect - API_COMPLETED controller=BlacklistController method=getBlacklistById durationMs=47.6722
2026-09-29 17:19:51.511 INFO  [http-nio-8092-exec-1] c.a.config.ApiLoggingAspect - API_COMPLETED controller=BlacklistController method=getAllBlacklistRecords durationMs=118.0789
2026-09-29 17:20:02.283 INFO  [http-nio-8092-exec-2] c.a.config.ApiLoggingAspect - API_COMPLETED controller=BlacklistController method=getBlacklistById durationMs=36.9277
2026-09-29 17:22:23.454 INFO  [http-nio-8092-exec-5] c.a.config.ApiLoggingAspect - API_COMPLETED controller=BlacklistController method=getAllBlacklistRecords durationMs=120.3671
2026-09-29 17:22:29.268 INFO  [http-nio-8092-exec-7] c.a.config.ApiLoggingAspect - API_COMPLETED controller=BlacklistController method=getBlacklistById durationMs=54.9965
2026-09-29 17:22:54.427 INFO  [http-nio-8092-exec-6] c.a.config.ApiLoggingAspect - API_COMPLETED controller=BlacklistController method=getAllBlacklistRecords durationMs=138.4576
2026-09-29 17:23:56.511 INFO  [http-nio-8092-exec-9] c.a.config.ApiLoggingAspect - API_COMPLETED controller=BlacklistController method=getBlacklistById durationMs=52.5923
2026-09-29 17:24:22.386 INFO  [http-nio-8092-exec-8] c.a.config.ApiLoggingAspect - API_COMPLETED controller=BlacklistController method=getAllBlacklistRecords durationMs=115.0976
2026-09-29 17:24:23.427 INFO  [http-nio-8092-exec-10] c.a.service.VisitorService - Fetching all visitors
2026-09-29 17:24:23.671 INFO  [http-nio-8092-exec-10] c.a.config.ApiLoggingAspect - API_COMPLETED controller=VisitorController method=getAllVisitors durationMs=255.931
2026-09-29 17:25:21.571 INFO  [http-nio-8092-exec-1] c.a.config.ApiLoggingAspect - API_COMPLETED controller=BlacklistController method=getAllBlacklistRecords durationMs=153.7557
2026-09-29 17:25:26.317 INFO  [http-nio-8092-exec-2] c.a.config.ApiLoggingAspect - API_COMPLETED controller=BlacklistController method=getBlacklistById durationMs=33.8007
2026-09-29 17:27:14.416 INFO  [http-nio-8092-exec-5] c.a.config.ApiLoggingAspect - API_COMPLETED controller=BlacklistController method=getBlacklistById durationMs=56.3778
2026-09-29 17:27:46.085 INFO  [http-nio-8092-exec-7] c.a.config.ApiLoggingAspect - API_COMPLETED controller=BlacklistController method=getAllBlacklistRecords durationMs=97.1919
2026-09-29 17:27:48.638 INFO  [http-nio-8092-exec-6] c.a.config.ApiLoggingAspect - API_COMPLETED controller=BlacklistController method=getBlacklistById durationMs=57.0899
2026-09-29 17:27:54.925 INFO  [http-nio-8092-exec-4] c.a.config.ApiLoggingAspect - API_COMPLETED controller=BlacklistController method=getAllBlacklistRecords durationMs=128.3167
2026-09-29 17:29:34.158 INFO  [http-nio-8092-exec-8] c.a.config.ApiLoggingAspect - API_COMPLETED controller=EmployeeController method=getEmployees durationMs=36.8191
2026-09-29 17:29:37.235 INFO  [http-nio-8092-exec-10] c.a.config.ApiLoggingAspect - API_COMPLETED controller=EmployeeController method=getEmployees durationMs=36.169
2026-09-29 17:29:45.032 WARN  [http-nio-8092-exec-1] com.zaxxer.hikari.pool.PoolBase - HikariPool-1 - Failed to validate connection com.mysql.cj.jdbc.ConnectionImpl@39c071cb (No operations allowed after connection closed.). Possibly consider using a shorter maxLifetime value.
2026-09-29 17:29:45.036 WARN  [http-nio-8092-exec-1] com.zaxxer.hikari.pool.PoolBase - HikariPool-1 - Failed to validate connection com.mysql.cj.jdbc.ConnectionImpl@3169d0d6 (No operations allowed after connection closed.). Possibly consider using a shorter maxLifetime value.
2026-09-29 17:29:45.041 WARN  [http-nio-8092-exec-1] com.zaxxer.hikari.pool.PoolBase - HikariPool-1 - Failed to validate connection com.mysql.cj.jdbc.ConnectionImpl@5b9d4e93 (No operations allowed after connection closed.). Possibly consider using a shorter maxLifetime value.
2026-09-29 17:29:45.048 WARN  [http-nio-8092-exec-1] com.zaxxer.hikari.pool.PoolBase - HikariPool-1 - Failed to validate connection com.mysql.cj.jdbc.ConnectionImpl@3f72968d (No operations allowed after connection closed.). Possibly consider using a shorter maxLifetime value.
2026-09-29 17:29:45.053 WARN  [http-nio-8092-exec-1] com.zaxxer.hikari.pool.PoolBase - HikariPool-1 - Failed to validate connection com.mysql.cj.jdbc.ConnectionImpl@68d95966 (No operations allowed after connection closed.). Possibly consider using a shorter maxLifetime value.
2026-09-29 17:29:45.057 WARN  [http-nio-8092-exec-1] com.zaxxer.hikari.pool.PoolBase - HikariPool-1 - Failed to validate connection com.mysql.cj.jdbc.ConnectionImpl@130fa90c (No operations allowed after connection closed.). Possibly consider using a shorter maxLifetime value.
2026-09-29 17:29:45.060 WARN  [http-nio-8092-exec-1] com.zaxxer.hikari.pool.PoolBase - HikariPool-1 - Failed to validate connection com.mysql.cj.jdbc.ConnectionImpl@6384c432 (No operations allowed after connection closed.). Possibly consider using a shorter maxLifetime value.
2026-09-29 17:29:45.062 WARN  [http-nio-8092-exec-1] com.zaxxer.hikari.pool.PoolBase - HikariPool-1 - Failed to validate connection com.mysql.cj.jdbc.ConnectionImpl@21501085 (No operations allowed after connection closed.). Possibly consider using a shorter maxLifetime value.
2026-09-29 17:29:45.065 WARN  [http-nio-8092-exec-1] com.zaxxer.hikari.pool.PoolBase - HikariPool-1 - Failed to validate connection com.mysql.cj.jdbc.ConnectionImpl@d89e0a (No operations allowed after connection closed.). Possibly consider using a shorter maxLifetime value.
2026-09-29 17:29:45.066 WARN  [http-nio-8092-exec-1] com.zaxxer.hikari.pool.PoolBase - HikariPool-1 - Failed to validate connection com.mysql.cj.jdbc.ConnectionImpl@226ac90f (No operations allowed after connection closed.). Possibly consider using a shorter maxLifetime value.
2026-09-29 17:29:45.470 INFO  [http-nio-8092-exec-1] c.a.config.ApiLoggingAspect - API_COMPLETED controller=VisitController method=getDashboardVisits durationMs=446.7184
2026-09-29 17:29:50.139 INFO  [http-nio-8092-exec-2] c.a.config.ApiLoggingAspect - API_COMPLETED controller=EmployeeController method=getEmployees durationMs=29.7087
2026-09-29 17:30:02.969 INFO  [http-nio-8092-exec-3] c.a.config.ApiLoggingAspect - API_COMPLETED controller=EmployeeController method=getEmployees durationMs=37.2886
2026-09-29 17:30:19.981 INFO  [http-nio-8092-exec-5] c.a.config.ApiLoggingAspect - API_COMPLETED controller=EmployeeController method=getEmployees durationMs=32.203
2026-09-29 17:31:39.301 INFO  [http-nio-8092-exec-6] c.a.config.ApiLoggingAspect - API_COMPLETED controller=EmployeeController method=getEmployees durationMs=31.4694
2026-09-29 17:31:42.990 INFO  [http-nio-8092-exec-4] c.a.config.ApiLoggingAspect - API_COMPLETED controller=BlacklistController method=getAllBlacklistRecords durationMs=106.4385
2026-09-29 17:32:22.727 INFO  [http-nio-8092-exec-9] c.a.config.ApiLoggingAspect - API_COMPLETED controller=BlacklistController method=getBlacklistById durationMs=41.3321
2026-09-29 17:32:25.183 INFO  [http-nio-8092-exec-8] c.a.config.ApiLoggingAspect - API_COMPLETED controller=EmployeeController method=getEmployees durationMs=43.9049
2026-09-29 17:36:11.475 INFO  [http-nio-8092-exec-1] c.a.config.ApiLoggingAspect - API_COMPLETED controller=DepartmentController method=getDepartments durationMs=39.2469
2026-09-29 17:36:44.106 INFO  [http-nio-8092-exec-2] c.a.config.ApiLoggingAspect - API_COMPLETED controller=EmployeeController method=getEmployees durationMs=31.6887
2026-09-29 17:36:45.490 INFO  [http-nio-8092-exec-3] c.a.config.ApiLoggingAspect - API_COMPLETED controller=BlacklistController method=getAllBlacklistRecords durationMs=109.4514
2026-09-29 17:36:47.265 INFO  [http-nio-8092-exec-5] c.a.service.VisitorService - Fetching all visitors
2026-09-29 17:36:47.497 INFO  [http-nio-8092-exec-5] c.a.config.ApiLoggingAspect - API_COMPLETED controller=VisitorController method=getAllVisitors durationMs=241.908
2026-09-29 17:36:50.129 INFO  [http-nio-8092-exec-7] c.a.config.ApiLoggingAspect - API_COMPLETED controller=VisitController method=getDashboardVisits durationMs=225.8916
2026-09-29 17:36:51.223 INFO  [http-nio-8092-exec-6] c.a.config.ApiLoggingAspect - API_COMPLETED controller=EmployeeController method=getEmployees durationMs=36.7186
2026-09-29 17:42:06.664 INFO  [http-nio-8092-exec-9] c.a.config.ApiLoggingAspect - API_COMPLETED controller=EmployeeController method=getEmployees durationMs=31.4286
2026-09-29 17:42:13.978 INFO  [http-nio-8092-exec-8] c.a.config.ApiLoggingAspect - API_COMPLETED controller=EmployeeController method=getEmployees durationMs=28.5652
2026-09-29 17:42:18.235 INFO  [http-nio-8092-exec-10] c.a.config.ApiLoggingAspect - API_COMPLETED controller=VisitController method=getDashboardVisits durationMs=193.6861
2026-09-29 17:42:20.027 INFO  [http-nio-8092-exec-1] c.a.service.VisitorService - Fetching all visitors
2026-09-29 17:42:20.229 INFO  [http-nio-8092-exec-1] c.a.config.ApiLoggingAspect - API_COMPLETED controller=VisitorController method=getAllVisitors durationMs=225.1206
2026-09-29 17:42:21.740 INFO  [http-nio-8092-exec-2] c.a.config.ApiLoggingAspect - API_COMPLETED controller=BlacklistController method=getAllBlacklistRecords durationMs=190.2482
2026-09-29 17:42:25.097 INFO  [http-nio-8092-exec-3] c.a.config.ApiLoggingAspect - API_COMPLETED controller=EmployeeController method=getEmployees durationMs=36.4967
2026-09-29 17:42:26.486 INFO  [http-nio-8092-exec-5] c.a.config.ApiLoggingAspect - API_COMPLETED controller=DepartmentController method=getDepartments durationMs=26.6402
2026-09-29 17:42:43.330 INFO  [http-nio-8092-exec-7] c.a.config.ApiLoggingAspect - API_COMPLETED controller=EmployeeController method=getEmployees durationMs=30.7094
2026-09-29 17:42:45.364 INFO  [http-nio-8092-exec-6] c.a.config.ApiLoggingAspect - API_COMPLETED controller=BlacklistController method=getAllBlacklistRecords durationMs=108.4028
2026-09-29 17:42:50.852 INFO  [http-nio-8092-exec-4] c.a.config.ApiLoggingAspect - API_COMPLETED controller=BlacklistController method=getBlacklistById durationMs=35.4108
2026-09-29 17:43:17.198 INFO  [http-nio-8092-exec-9] c.a.config.ApiLoggingAspect - API_COMPLETED controller=VisitController method=getDashboardVisits durationMs=226.7575
2026-09-29 17:43:54.691 INFO  [http-nio-8092-exec-8] c.a.config.ApiLoggingAspect - API_COMPLETED controller=BlacklistController method=getBlacklistById durationMs=37.0766
